employee_id,department,leave_type,leave_start,leave_end,days_taken,approved
EMP0001,Marketing,Annual,2025-05-13,2025-05-18,5,True
EMP0001,Marketing,Annual,2025-08-13,2025-08-19,6,True
EMP0001,Marketing,Sick,2025-03-03,2025-03-09,6,True
EMP0001,Marketing,Unpaid,2025-01-31,2025-02-02,2,True
EMP0001,Marketing,Unpaid,2025-04-17,2025-04-23,6,True
EMP0001,Marketing,Unpaid,2025-05-05,2025-05-12,7,True
EMP0002,Operations,Emergency,2024-05-22,2024-05-25,3,True
EMP0002,Operations,Annual,2024-03-12,2024-03-17,5,True
EMP0002,Operations,Emergency,2024-02-18,2024-02-23,5,True
EMP0002,Operations,Annual,2023-12-02,2023-12-08,6,True
EMP0003,Marketing,Unpaid,2025-04-21,2025-04-27,6,True
EMP0003,Marketing,Unpaid,2025-04-05,2025-04-11,6,True
EMP0003,Marketing,Sick,2025-12-23,2025-12-30,7,False
EMP0003,Marketing,Unpaid,2025-08-29,2025-09-04,6,True
EMP0003,Marketing,Maternity/Paternity,2024-08-07,2024-08-13,6,False
EMP0003,Marketing,Maternity/Paternity,2025-04-03,2025-04-07,4,True
EMP0004,Engineering,Emergency,2025-01-30,2025-02-05,6,True
EMP0005,Sales,Sick,2024-12-16,2024-12-22,6,True
EMP0005,Sales,Maternity/Paternity,2024-11-01,2024-11-08,7,False
EMP0005,Sales,Emergency,2024-11-18,2024-11-21,3,True
EMP0005,Sales,Emergency,2024-03-07,2024-03-14,7,True
EMP0005,Sales,Sick,2024-01-29,2024-02-02,4,True
EMP0005,Sales,Emergency,2024-12-16,2024-12-23,7,True
EMP0006,Engineering,Annual,2025-06-16,2025-06-19,3,True
EMP0006,Engineering,Unpaid,2024-10-25,2024-10-31,6,True
EMP0006,Engineering,Unpaid,2025-09-30,2025-10-03,3,True
EMP0007,Operations,Annual,2023-11-05,2023-11-12,7,True
EMP0007,Operations,Emergency,2024-01-05,2024-01-10,5,True
EMP0007,Operations,Annual,2023-06-20,2023-06-25,5,True
EMP0007,Operations,Unpaid,2023-09-24,2023-09-29,5,True
EMP0007,Operations,Sick,2023-05-29,2023-05-31,2,True
EMP0008,Engineering,Unpaid,2025-07-21,2025-07-23,2,True
EMP0008,Engineering,Annual,2024-10-10,2024-10-17,7,True
EMP0008,Engineering,Unpaid,2026-01-15,2026-01-17,2,True
EMP0008,Engineering,Unpaid,2024-04-13,2024-04-17,4,True
EMP0008,Engineering,Sick,2024-09-28,2024-10-03,5,True
EMP0008,Engineering,Emergency,2024-07-08,2024-07-10,2,True
EMP0008,Engineering,Maternity/Paternity,2025-06-22,2025-06-26,4,False
EMP0008,Engineering,Annual,2025-05-06,2025-05-07,1,True
EMP0008,Engineering,Unpaid,2025-04-26,2025-04-27,1,True
EMP0008,Engineering,Annual,2025-10-04,2025-10-06,2,True
EMP0009,HR,Sick,2025-10-21,2025-10-23,2,True
EMP0009,HR,Sick,2024-09-17,2024-09-20,3,True
EMP0009,HR,Unpaid,2025-02-27,2025-03-04,5,True
EMP0009,HR,Unpaid,2026-01-21,2026-01-22,1,False
EMP0009,HR,Emergency,2025-01-09,2025-01-15,6,True
EMP0009,HR,Sick,2024-09-10,2024-09-14,4,True
EMP0009,HR,Sick,2025-02-13,2025-02-16,3,True
EMP0009,HR,Annual,2026-01-09,2026-01-13,4,True
EMP0009,HR,Sick,2025-10-14,2025-10-16,2,True
EMP0009,HR,Sick,2025-05-26,2025-05-31,5,True
EMP0009,HR,Annual,2025-09-28,2025-10-04,6,True
EMP0010,Operations,Emergency,2024-03-04,2024-03-11,7,True
EMP0010,Operations,Annual,2025-02-14,2025-02-15,1,True
EMP0010,Operations,Annual,2023-07-07,2023-07-08,1,True
EMP0010,Operations,Emergency,2024-07-10,2024-07-11,1,True
EMP0010,Operations,Sick,2025-06-04,2025-06-06,2,True
EMP0010,Operations,Unpaid,2025-03-23,2025-03-24,1,True
EMP0010,Operations,Emergency,2023-09-28,2023-10-04,6,True
EMP0010,Operations,Sick,2025-02-26,2025-03-04,6,True
EMP0010,Operations,Emergency,2025-12-23,2025-12-24,1,True
EMP0010,Operations,Annual,2023-10-15,2023-10-18,3,True
EMP0010,Operations,Emergency,2024-11-07,2024-11-09,2,True
EMP0011,Marketing,Unpaid,2025-11-19,2025-11-21,2,True
EMP0011,Marketing,Annual,2025-07-26,2025-07-28,2,True
EMP0011,Marketing,Maternity/Paternity,2025-06-11,2025-06-17,6,True
EMP0011,Marketing,Annual,2025-02-26,2025-02-27,1,False
EMP0011,Marketing,Maternity/Paternity,2025-12-15,2025-12-21,6,True
EMP0012,Finance,Annual,2025-10-11,2025-10-16,5,True
EMP0012,Finance,Sick,2023-11-16,2023-11-19,3,True
EMP0013,Sales,Annual,2024-11-06,2024-11-10,4,True
EMP0013,Sales,Annual,2024-08-06,2024-08-13,7,True
EMP0013,Sales,Unpaid,2025-02-12,2025-02-19,7,True
EMP0013,Sales,Annual,2024-06-07,2024-06-08,1,True
EMP0013,Sales,Sick,2024-06-30,2024-07-06,6,True
EMP0014,Sales,Annual,2025-04-28,2025-05-04,6,True
EMP0014,Sales,Annual,2025-07-13,2025-07-15,2,True
EMP0014,Sales,Maternity/Paternity,2025-11-07,2025-11-10,3,True
EMP0014,Sales,Maternity/Paternity,2025-11-29,2025-12-06,7,True
EMP0014,Sales,Sick,2025-01-14,2025-01-15,1,True
EMP0014,Sales,Sick,2024-09-26,2024-10-03,7,True
EMP0014,Sales,Emergency,2025-12-04,2025-12-11,7,True
EMP0014,Sales,Maternity/Paternity,2025-01-29,2025-02-03,5,True
EMP0015,HR,Sick,2023-06-20,2023-06-27,7,True
EMP0015,HR,Maternity/Paternity,2024-10-02,2024-10-03,1,True
EMP0015,HR,Unpaid,2023-07-25,2023-07-28,3,True
EMP0015,HR,Emergency,2025-10-27,2025-11-02,6,True
EMP0015,HR,Emergency,2025-01-01,2025-01-07,6,True
EMP0015,HR,Unpaid,2026-01-24,2026-01-30,6,True
EMP0015,HR,Emergency,2025-04-25,2025-05-01,6,True
EMP0015,HR,Sick,2025-03-29,2025-04-04,6,True
EMP0015,HR,Maternity/Paternity,2025-03-31,2025-04-06,6,True
EMP0015,HR,Emergency,2025-09-14,2025-09-19,5,True
EMP0016,Engineering,Emergency,2026-01-24,2026-01-26,2,True
EMP0016,Engineering,Sick,2025-11-01,2025-11-05,4,True
EMP0016,Engineering,Sick,2024-10-28,2024-10-31,3,True
EMP0016,Engineering,Emergency,2024-03-23,2024-03-24,1,True
EMP0016,Engineering,Maternity/Paternity,2025-04-01,2025-04-05,4,True
EMP0016,Engineering,Maternity/Paternity,2023-09-01,2023-09-05,4,True
EMP0016,Engineering,Maternity/Paternity,2024-09-13,2024-09-14,1,True
EMP0016,Engineering,Annual,2023-10-12,2023-10-16,4,True
EMP0016,Engineering,Emergency,2024-08-08,2024-08-09,1,True
EMP0016,Engineering,Emergency,2025-10-05,2025-10-06,1,False
EMP0016,Engineering,Emergency,2025-03-26,2025-03-29,3,True
EMP0017,Finance,Unpaid,2025-08-04,2025-08-07,3,True
EMP0017,Finance,Maternity/Paternity,2024-12-08,2024-12-15,7,True
EMP0017,Finance,Maternity/Paternity,2026-01-18,2026-01-23,5,True
EMP0017,Finance,Maternity/Paternity,2025-05-01,2025-05-07,6,True
EMP0017,Finance,Annual,2026-02-27,2026-03-01,2,True
EMP0017,Finance,Unpaid,2026-02-01,2026-02-08,7,True
EMP0017,Finance,Annual,2025-05-11,2025-05-17,6,True
EMP0017,Finance,Sick,2024-10-09,2024-10-13,4,True
EMP0017,Finance,Unpaid,2025-06-17,2025-06-18,1,True
EMP0017,Finance,Maternity/Paternity,2024-11-02,2024-11-03,1,True
EMP0017,Finance,Unpaid,2024-11-05,2024-11-11,6,True
EMP0018,Marketing,Emergency,2025-03-02,2025-03-08,6,True
EMP0018,Marketing,Emergency,2025-09-25,2025-09-29,4,False
EMP0018,Marketing,Annual,2025-04-16,2025-04-20,4,True
EMP0018,Marketing,Maternity/Paternity,2025-03-03,2025-03-08,5,True
EMP0018,Marketing,Sick,2025-10-12,2025-10-17,5,True
EMP0018,Marketing,Sick,2025-05-06,2025-05-12,6,True
EMP0018,Marketing,Emergency,2026-01-09,2026-01-14,5,False
EMP0019,Finance,Emergency,2025-03-01,2025-03-05,4,False
EMP0019,Finance,Maternity/Paternity,2024-05-26,2024-05-29,3,False
EMP0019,Finance,Sick,2024-08-28,2024-09-01,4,True
EMP0019,Finance,Emergency,2025-11-18,2025-11-21,3,True
EMP0019,Finance,Sick,2026-02-10,2026-02-16,6,True
EMP0019,Finance,Unpaid,2024-08-21,2024-08-27,6,False
EMP0019,Finance,Sick,2023-10-02,2023-10-08,6,True
EMP0019,Finance,Annual,2024-10-25,2024-10-31,6,True
EMP0019,Finance,Emergency,2025-09-13,2025-09-18,5,False
EMP0020,Operations,Maternity/Paternity,2025-11-03,2025-11-10,7,True
EMP0020,Operations,Maternity/Paternity,2025-08-03,2025-08-04,1,True
EMP0020,Operations,Unpaid,2025-07-08,2025-07-10,2,True
EMP0020,Operations,Unpaid,2025-08-31,2025-09-03,3,True
EMP0020,Operations,Unpaid,2025-07-11,2025-07-17,6,True
EMP0020,Operations,Maternity/Paternity,2025-06-26,2025-06-29,3,True
EMP0020,Operations,Emergency,2025-10-02,2025-10-08,6,True
EMP0021,Sales,Unpaid,2025-08-26,2025-09-02,7,True
EMP0021,Sales,Maternity/Paternity,2023-08-02,2023-08-06,4,True
EMP0021,Sales,Unpaid,2025-08-30,2025-09-05,6,False
EMP0021,Sales,Unpaid,2023-08-09,2023-08-10,1,True
EMP0021,Sales,Maternity/Paternity,2025-11-20,2025-11-27,7,True
EMP0021,Sales,Unpaid,2026-01-03,2026-01-09,6,True
EMP0021,Sales,Emergency,2024-12-25,2024-12-31,6,True
EMP0021,Sales,Unpaid,2025-06-26,2025-06-28,2,True
EMP0021,Sales,Sick,2025-05-14,2025-05-15,1,False
EMP0022,Finance,Maternity/Paternity,2025-12-18,2025-12-19,1,True
EMP0022,Finance,Unpaid,2025-10-19,2025-10-24,5,True
EMP0022,Finance,Unpaid,2026-01-05,2026-01-12,7,True
EMP0022,Finance,Sick,2025-12-06,2025-12-12,6,True
EMP0022,Finance,Annual,2025-10-30,2025-11-04,5,True
EMP0022,Finance,Unpaid,2026-01-16,2026-01-21,5,True
EMP0023,Sales,Annual,2026-01-14,2026-01-17,3,True
EMP0023,Sales,Sick,2025-11-16,2025-11-21,5,False
EMP0023,Sales,Emergency,2026-01-07,2026-01-08,1,True
EMP0023,Sales,Maternity/Paternity,2026-01-13,2026-01-18,5,True
EMP0023,Sales,Unpaid,2025-10-22,2025-10-24,2,True
EMP0024,Sales,Emergency,2025-10-21,2025-10-28,7,True
EMP0024,Sales,Annual,2026-01-17,2026-01-24,7,True
EMP0024,Sales,Sick,2025-11-23,2025-11-27,4,False
EMP0025,Sales,Annual,2025-12-27,2025-12-29,2,True
EMP0025,Sales,Annual,2025-07-26,2025-07-30,4,True
EMP0025,Sales,Unpaid,2025-11-15,2025-11-21,6,True
EMP0025,Sales,Unpaid,2025-11-03,2025-11-10,7,True
EMP0025,Sales,Maternity/Paternity,2025-10-30,2025-11-03,4,True
EMP0025,Sales,Unpaid,2026-01-11,2026-01-13,2,True
EMP0025,Sales,Emergency,2025-04-02,2025-04-04,2,True
EMP0025,Sales,Sick,2025-12-29,2025-12-30,1,True
EMP0025,Sales,Maternity/Paternity,2025-06-01,2025-06-08,7,True
EMP0025,Sales,Maternity/Paternity,2025-05-28,2025-06-02,5,True
EMP0026,Finance,Sick,2025-11-13,2025-11-19,6,True
EMP0026,Finance,Annual,2025-10-29,2025-11-01,3,True
EMP0027,Sales,Unpaid,2024-06-12,2024-06-19,7,True
EMP0028,Engineering,Maternity/Paternity,2024-06-10,2024-06-13,3,True
EMP0028,Engineering,Unpaid,2025-06-07,2025-06-11,4,True
EMP0028,Engineering,Annual,2023-10-30,2023-11-04,5,True
EMP0028,Engineering,Emergency,2023-07-09,2023-07-16,7,True
EMP0028,Engineering,Emergency,2023-07-28,2023-07-31,3,True
EMP0028,Engineering,Annual,2024-11-08,2024-11-13,5,True
EMP0028,Engineering,Maternity/Paternity,2025-08-14,2025-08-18,4,True
EMP0028,Engineering,Sick,2023-05-04,2023-05-08,4,True
EMP0028,Engineering,Maternity/Paternity,2023-12-06,2023-12-12,6,True
EMP0028,Engineering,Sick,2024-10-26,2024-11-01,6,True
EMP0029,Operations,Annual,2025-10-13,2025-10-16,3,True
EMP0029,Operations,Annual,2025-08-27,2025-08-29,2,True
EMP0029,Operations,Maternity/Paternity,2025-09-05,2025-09-10,5,True
EMP0029,Operations,Sick,2024-12-29,2025-01-01,3,True
EMP0029,Operations,Unpaid,2026-02-21,2026-02-27,6,True
EMP0029,Operations,Emergency,2026-02-22,2026-02-28,6,True
EMP0029,Operations,Emergency,2025-02-18,2025-02-20,2,True
EMP0029,Operations,Sick,2025-02-23,2025-02-24,1,True
EMP0029,Operations,Annual,2025-09-02,2025-09-09,7,True
EMP0029,Operations,Emergency,2025-08-24,2025-08-28,4,True
EMP0029,Operations,Unpaid,2025-10-25,2025-10-26,1,True
EMP0029,Operations,Maternity/Paternity,2025-11-22,2025-11-27,5,False
EMP0030,Sales,Sick,2025-06-10,2025-06-16,6,True
EMP0030,Sales,Sick,2026-02-17,2026-02-18,1,True
EMP0030,Sales,Emergency,2025-11-22,2025-11-25,3,True
EMP0030,Sales,Emergency,2026-01-30,2026-02-01,2,True
EMP0030,Sales,Sick,2025-09-14,2025-09-18,4,True
EMP0030,Sales,Sick,2025-08-10,2025-08-17,7,True
EMP0031,HR,Unpaid,2025-07-13,2025-07-16,3,True
EMP0031,HR,Maternity/Paternity,2025-03-28,2025-04-01,4,True
EMP0031,HR,Emergency,2025-03-01,2025-03-05,4,True
EMP0031,HR,Annual,2026-02-13,2026-02-18,5,True
EMP0031,HR,Sick,2024-09-13,2024-09-18,5,True
EMP0031,HR,Annual,2026-01-24,2026-01-25,1,False
EMP0031,HR,Annual,2025-09-24,2025-09-30,6,True
EMP0031,HR,Emergency,2025-12-06,2025-12-10,4,True
EMP0031,HR,Unpaid,2024-05-30,2024-06-04,5,True
EMP0031,HR,Sick,2025-10-27,2025-10-31,4,True
EMP0031,HR,Emergency,2024-12-07,2024-12-14,7,True
EMP0032,Engineering,Emergency,2024-04-29,2024-05-03,4,True
EMP0032,Engineering,Emergency,2025-01-23,2025-01-26,3,True
EMP0032,Engineering,Emergency,2024-08-14,2024-08-21,7,True
EMP0032,Engineering,Sick,2026-01-27,2026-02-01,5,True
EMP0032,Engineering,Emergency,2024-06-14,2024-06-19,5,True
EMP0033,Sales,Maternity/Paternity,2025-06-15,2025-06-21,6,False
EMP0033,Sales,Maternity/Paternity,2023-07-04,2023-07-06,2,True
EMP0033,Sales,Sick,2024-02-18,2024-02-21,3,True
EMP0034,Engineering,Unpaid,2026-02-21,2026-02-28,7,True
EMP0034,Engineering,Annual,2026-01-19,2026-01-20,1,False
EMP0034,Engineering,Emergency,2025-11-13,2025-11-14,1,True
EMP0034,Engineering,Unpaid,2025-10-19,2025-10-26,7,True
EMP0035,Engineering,Maternity/Paternity,2025-11-27,2025-12-03,6,True
EMP0035,Engineering,Unpaid,2025-06-27,2025-07-02,5,True
EMP0035,Engineering,Maternity/Paternity,2025-09-10,2025-09-15,5,True
EMP0036,Sales,Maternity/Paternity,2025-11-14,2025-11-21,7,False
EMP0036,Sales,Sick,2025-07-14,2025-07-19,5,True
EMP0036,Sales,Emergency,2025-09-09,2025-09-10,1,True
EMP0037,HR,Sick,2025-04-04,2025-04-06,2,True
EMP0037,HR,Annual,2026-01-20,2026-01-27,7,True
EMP0037,HR,Unpaid,2025-08-18,2025-08-25,7,True
EMP0037,HR,Maternity/Paternity,2025-09-21,2025-09-27,6,True
EMP0038,Sales,Maternity/Paternity,2024-01-23,2024-01-29,6,True
EMP0038,Sales,Emergency,2023-09-24,2023-09-26,2,True
EMP0038,Sales,Emergency,2023-12-26,2024-01-01,6,True
EMP0038,Sales,Annual,2025-03-19,2025-03-21,2,True
EMP0038,Sales,Maternity/Paternity,2024-02-11,2024-02-16,5,True
EMP0038,Sales,Annual,2025-03-10,2025-03-16,6,True
EMP0038,Sales,Unpaid,2025-08-25,2025-08-31,6,False
EMP0038,Sales,Emergency,2024-03-19,2024-03-23,4,False
EMP0038,Sales,Sick,2026-01-15,2026-01-19,4,True
EMP0038,Sales,Sick,2024-10-04,2024-10-09,5,True
EMP0039,Marketing,Sick,2026-01-02,2026-01-05,3,True
EMP0039,Marketing,Emergency,2025-01-22,2025-01-26,4,True
EMP0039,Marketing,Maternity/Paternity,2024-06-05,2024-06-09,4,True
EMP0040,Engineering,Emergency,2024-05-11,2024-05-16,5,True
EMP0041,Marketing,Sick,2025-10-30,2025-10-31,1,True
EMP0041,Marketing,Annual,2025-11-08,2025-11-13,5,True
EMP0041,Marketing,Annual,2025-08-15,2025-08-20,5,True
EMP0042,Operations,Emergency,2025-01-09,2025-01-14,5,True
EMP0042,Operations,Maternity/Paternity,2026-02-06,2026-02-13,7,True
EMP0042,Operations,Annual,2025-05-12,2025-05-19,7,True
EMP0042,Operations,Maternity/Paternity,2025-06-11,2025-06-13,2,True
EMP0042,Operations,Emergency,2025-05-18,2025-05-21,3,True
EMP0042,Operations,Emergency,2026-02-11,2026-02-18,7,True
EMP0042,Operations,Maternity/Paternity,2025-01-11,2025-01-14,3,True
EMP0042,Operations,Annual,2026-02-12,2026-02-19,7,True
EMP0042,Operations,Maternity/Paternity,2026-01-26,2026-01-31,5,True
EMP0042,Operations,Annual,2024-11-06,2024-11-12,6,True
EMP0042,Operations,Annual,2025-01-03,2025-01-08,5,True
EMP0043,Sales,Unpaid,2024-11-04,2024-11-11,7,True
EMP0043,Sales,Maternity/Paternity,2024-01-11,2024-01-13,2,True
EMP0043,Sales,Emergency,2024-03-26,2024-03-29,3,True
EMP0043,Sales,Unpaid,2024-05-23,2024-05-28,5,False
EMP0044,Engineering,Emergency,2025-04-24,2025-04-28,4,True
EMP0044,Engineering,Unpaid,2026-02-04,2026-02-06,2,True
EMP0044,Engineering,Unpaid,2026-02-05,2026-02-08,3,True
EMP0044,Engineering,Sick,2025-11-09,2025-11-15,6,True
EMP0044,Engineering,Sick,2025-01-27,2025-02-02,6,True
EMP0044,Engineering,Sick,2025-03-12,2025-03-13,1,True
EMP0044,Engineering,Emergency,2025-09-09,2025-09-16,7,True
EMP0045,Operations,Sick,2026-02-09,2026-02-10,1,True
EMP0045,Operations,Annual,2026-01-22,2026-01-23,1,True
EMP0045,Operations,Maternity/Paternity,2025-12-11,2025-12-16,5,True
EMP0045,Operations,Unpaid,2025-10-19,2025-10-21,2,True
EMP0045,Operations,Maternity/Paternity,2025-08-22,2025-08-28,6,False
EMP0045,Operations,Emergency,2025-11-23,2025-11-28,5,True
EMP0046,HR,Sick,2025-06-01,2025-06-08,7,True
EMP0046,HR,Sick,2025-12-13,2025-12-14,1,True
EMP0046,HR,Sick,2026-01-23,2026-01-26,3,True
EMP0046,HR,Sick,2026-01-19,2026-01-24,5,True
EMP0046,HR,Sick,2025-05-21,2025-05-24,3,True
EMP0046,HR,Unpaid,2025-07-22,2025-07-23,1,True
EMP0046,HR,Maternity/Paternity,2025-10-30,2025-11-05,6,True
EMP0046,HR,Annual,2025-08-13,2025-08-18,5,True
EMP0046,HR,Emergency,2025-06-07,2025-06-08,1,True
EMP0046,HR,Unpaid,2026-02-13,2026-02-18,5,True
EMP0047,Marketing,Sick,2024-06-21,2024-06-26,5,True
EMP0047,Marketing,Annual,2024-12-20,2024-12-25,5,True
EMP0047,Marketing,Annual,2024-12-23,2024-12-28,5,True
EMP0047,Marketing,Unpaid,2025-04-01,2025-04-04,3,False
EMP0047,Marketing,Unpaid,2026-02-02,2026-02-07,5,True
EMP0048,Engineering,Maternity/Paternity,2025-06-07,2025-06-13,6,False
EMP0048,Engineering,Sick,2025-11-14,2025-11-18,4,True
EMP0048,Engineering,Maternity/Paternity,2025-09-21,2025-09-27,6,False
EMP0048,Engineering,Annual,2025-02-13,2025-02-17,4,True
EMP0048,Engineering,Sick,2025-08-13,2025-08-19,6,True
EMP0048,Engineering,Unpaid,2025-05-27,2025-06-03,7,True
EMP0048,Engineering,Emergency,2025-07-29,2025-08-03,5,True
EMP0048,Engineering,Unpaid,2025-06-13,2025-06-15,2,True
EMP0048,Engineering,Unpaid,2026-01-09,2026-01-15,6,True
EMP0048,Engineering,Unpaid,2025-05-01,2025-05-05,4,True
EMP0049,Marketing,Sick,2025-04-20,2025-04-22,2,True
EMP0049,Marketing,Sick,2025-03-16,2025-03-18,2,True
EMP0049,Marketing,Sick,2025-03-19,2025-03-21,2,True
EMP0049,Marketing,Unpaid,2026-02-05,2026-02-10,5,True
EMP0049,Marketing,Annual,2025-01-27,2025-01-28,1,True
EMP0049,Marketing,Emergency,2025-11-08,2025-11-12,4,True
EMP0049,Marketing,Annual,2026-02-15,2026-02-20,5,True
EMP0049,Marketing,Unpaid,2025-06-12,2025-06-17,5,True
EMP0049,Marketing,Unpaid,2025-09-24,2025-10-01,7,True
EMP0049,Marketing,Unpaid,2025-12-30,2026-01-04,5,True
EMP0050,HR,Maternity/Paternity,2025-05-29,2025-06-03,5,True
EMP0050,HR,Emergency,2025-10-01,2025-10-02,1,True
EMP0050,HR,Sick,2025-12-22,2025-12-28,6,True
EMP0051,HR,Maternity/Paternity,2025-10-06,2025-10-11,5,True
EMP0051,HR,Sick,2024-10-18,2024-10-19,1,True
EMP0052,Operations,Emergency,2024-09-07,2024-09-10,3,True
EMP0053,HR,Sick,2024-12-13,2024-12-16,3,True
EMP0053,HR,Unpaid,2026-02-06,2026-02-11,5,True
EMP0053,HR,Sick,2024-10-23,2024-10-27,4,True
EMP0054,Engineering,Maternity/Paternity,2024-08-11,2024-08-18,7,True
EMP0054,Engineering,Sick,2024-02-04,2024-02-09,5,False
EMP0054,Engineering,Annual,2025-07-06,2025-07-08,2,True
EMP0054,Engineering,Emergency,2025-11-04,2025-11-06,2,True
EMP0054,Engineering,Sick,2024-08-28,2024-08-30,2,True
EMP0054,Engineering,Maternity/Paternity,2025-08-29,2025-08-31,2,True
EMP0055,Operations,Sick,2025-11-20,2025-11-24,4,False
EMP0055,Operations,Emergency,2026-01-13,2026-01-18,5,True
EMP0056,Engineering,Emergency,2025-10-19,2025-10-22,3,True
EMP0056,Engineering,Annual,2025-08-16,2025-08-20,4,True
EMP0056,Engineering,Unpaid,2025-08-19,2025-08-21,2,True
EMP0056,Engineering,Maternity/Paternity,2026-01-12,2026-01-13,1,True
EMP0057,HR,Emergency,2025-02-03,2025-02-06,3,True
EMP0057,HR,Unpaid,2025-04-01,2025-04-04,3,True
EMP0058,Finance,Emergency,2025-10-16,2025-10-23,7,True
EMP0058,Finance,Emergency,2026-02-08,2026-02-14,6,True
EMP0059,Marketing,Emergency,2024-03-02,2024-03-05,3,True
EMP0059,Marketing,Maternity/Paternity,2024-03-26,2024-03-27,1,True
EMP0059,Marketing,Sick,2024-03-30,2024-04-05,6,True
EMP0060,Marketing,Emergency,2025-06-13,2025-06-17,4,True
EMP0060,Marketing,Sick,2024-09-14,2024-09-15,1,True
EMP0060,Marketing,Unpaid,2025-05-20,2025-05-23,3,True
EMP0060,Marketing,Maternity/Paternity,2025-08-11,2025-08-14,3,True
EMP0060,Marketing,Emergency,2025-07-09,2025-07-15,6,True
EMP0060,Marketing,Sick,2025-10-07,2025-10-11,4,True
EMP0060,Marketing,Sick,2024-07-26,2024-07-28,2,True
EMP0060,Marketing,Sick,2024-09-22,2024-09-24,2,True
EMP0060,Marketing,Maternity/Paternity,2024-10-08,2024-10-09,1,True
EMP0060,Marketing,Maternity/Paternity,2024-07-29,2024-08-05,7,True
EMP0060,Marketing,Unpaid,2024-09-26,2024-09-27,1,True
EMP0061,Sales,Unpaid,2025-07-30,2025-08-03,4,True
EMP0061,Sales,Sick,2024-07-15,2024-07-19,4,True
EMP0062,Finance,Unpaid,2024-06-21,2024-06-22,1,True
EMP0062,Finance,Maternity/Paternity,2024-11-20,2024-11-27,7,True
EMP0062,Finance,Emergency,2025-03-10,2025-03-13,3,True
EMP0063,Engineering,Emergency,2025-07-04,2025-07-09,5,True
EMP0063,Engineering,Maternity/Paternity,2026-02-24,2026-03-01,5,True
EMP0063,Engineering,Unpaid,2026-02-26,2026-03-03,5,False
EMP0063,Engineering,Sick,2025-12-07,2025-12-12,5,True
EMP0063,Engineering,Unpaid,2025-11-17,2025-11-20,3,True
EMP0063,Engineering,Annual,2025-06-23,2025-06-26,3,True
EMP0063,Engineering,Unpaid,2025-06-13,2025-06-16,3,True
EMP0063,Engineering,Maternity/Paternity,2025-04-09,2025-04-15,6,False
EMP0063,Engineering,Annual,2025-12-05,2025-12-08,3,True
EMP0064,Engineering,Sick,2025-10-13,2025-10-18,5,True
EMP0064,Engineering,Sick,2025-12-18,2025-12-21,3,True
EMP0064,Engineering,Maternity/Paternity,2025-12-21,2025-12-25,4,True
EMP0064,Engineering,Maternity/Paternity,2026-01-30,2026-02-05,6,True
EMP0064,Engineering,Annual,2025-09-25,2025-09-28,3,True
EMP0064,Engineering,Emergency,2025-09-30,2025-10-05,5,True
EMP0064,Engineering,Unpaid,2026-01-22,2026-01-25,3,True
EMP0065,Marketing,Sick,2025-03-05,2025-03-09,4,True
EMP0065,Marketing,Unpaid,2024-12-06,2024-12-08,2,True
EMP0065,Marketing,Maternity/Paternity,2025-09-12,2025-09-17,5,True
EMP0065,Marketing,Unpaid,2025-10-19,2025-10-21,2,True
EMP0065,Marketing,Annual,2024-07-23,2024-07-28,5,True
EMP0065,Marketing,Unpaid,2024-09-15,2024-09-18,3,True
EMP0065,Marketing,Annual,2025-08-25,2025-08-31,6,True
EMP0065,Marketing,Maternity/Paternity,2024-11-04,2024-11-05,1,True
EMP0065,Marketing,Maternity/Paternity,2025-08-07,2025-08-10,3,False
EMP0066,Marketing,Annual,2023-07-14,2023-07-17,3,True
EMP0066,Marketing,Unpaid,2024-03-05,2024-03-06,1,True
EMP0066,Marketing,Maternity/Paternity,2023-10-04,2023-10-09,5,True
EMP0066,Marketing,Maternity/Paternity,2024-10-04,2024-10-11,7,True
EMP0066,Marketing,Sick,2024-01-15,2024-01-22,7,True
EMP0066,Marketing,Annual,2025-11-03,2025-11-05,2,True
EMP0066,Marketing,Sick,2023-11-19,2023-11-24,5,True
EMP0066,Marketing,Sick,2025-02-08,2025-02-11,3,True
EMP0067,Operations,Annual,2025-09-04,2025-09-09,5,True
EMP0068,Sales,Unpaid,2025-06-17,2025-06-19,2,False
EMP0068,Sales,Sick,2025-03-27,2025-03-28,1,True
EMP0068,Sales,Sick,2025-07-14,2025-07-15,1,True
EMP0068,Sales,Sick,2024-12-16,2024-12-20,4,True
EMP0068,Sales,Maternity/Paternity,2024-09-28,2024-10-03,5,True
EMP0068,Sales,Annual,2025-01-21,2025-01-24,3,True
EMP0068,Sales,Emergency,2026-01-09,2026-01-10,1,True
EMP0068,Sales,Unpaid,2024-10-16,2024-10-17,1,True
EMP0068,Sales,Annual,2026-02-16,2026-02-23,7,True
EMP0068,Sales,Emergency,2025-04-11,2025-04-14,3,True
EMP0068,Sales,Maternity/Paternity,2025-08-06,2025-08-13,7,True
EMP0069,Finance,Sick,2025-06-28,2025-07-01,3,True
EMP0070,HR,Maternity/Paternity,2025-06-15,2025-06-21,6,True
EMP0071,Marketing,Emergency,2025-12-11,2025-12-13,2,True
EMP0071,Marketing,Maternity/Paternity,2025-09-30,2025-10-03,3,True
EMP0071,Marketing,Emergency,2026-02-05,2026-02-12,7,True
EMP0071,Marketing,Maternity/Paternity,2026-01-01,2026-01-03,2,True
EMP0071,Marketing,Unpaid,2025-08-17,2025-08-22,5,True
EMP0071,Marketing,Maternity/Paternity,2026-02-25,2026-03-02,5,True
EMP0071,Marketing,Unpaid,2025-04-14,2025-04-19,5,True
EMP0071,Marketing,Annual,2025-08-05,2025-08-08,3,True
EMP0071,Marketing,Maternity/Paternity,2026-01-05,2026-01-12,7,True
EMP0072,Finance,Emergency,2025-12-04,2025-12-06,2,True
EMP0072,Finance,Unpaid,2025-09-22,2025-09-28,6,True
EMP0072,Finance,Annual,2025-11-19,2025-11-25,6,True
EMP0072,Finance,Annual,2025-05-02,2025-05-04,2,True
EMP0072,Finance,Annual,2025-10-31,2025-11-02,2,True
EMP0072,Finance,Maternity/Paternity,2025-09-11,2025-09-17,6,True
EMP0072,Finance,Unpaid,2025-07-06,2025-07-07,1,True
EMP0072,Finance,Sick,2025-04-02,2025-04-03,1,True
EMP0073,Finance,Annual,2024-09-22,2024-09-29,7,True
EMP0073,Finance,Unpaid,2025-07-01,2025-07-05,4,True
EMP0074,Finance,Emergency,2026-02-12,2026-02-15,3,True
EMP0075,Operations,Annual,2025-09-01,2025-09-04,3,False
EMP0076,Finance,Sick,2025-02-24,2025-02-25,1,True
EMP0076,Finance,Emergency,2025-04-13,2025-04-15,2,True
EMP0076,Finance,Sick,2025-10-24,2025-10-30,6,True
EMP0076,Finance,Annual,2025-10-18,2025-10-22,4,True
EMP0076,Finance,Maternity/Paternity,2025-10-28,2025-10-31,3,True
EMP0076,Finance,Sick,2025-08-12,2025-08-13,1,True
EMP0076,Finance,Emergency,2025-10-14,2025-10-18,4,True
EMP0076,Finance,Emergency,2025-03-27,2025-04-01,5,True
EMP0076,Finance,Emergency,2025-07-05,2025-07-08,3,False
EMP0077,Sales,Maternity/Paternity,2025-05-16,2025-05-20,4,True
EMP0077,Sales,Sick,2025-03-28,2025-04-02,5,True
EMP0077,Sales,Emergency,2024-12-06,2024-12-10,4,False
EMP0077,Sales,Maternity/Paternity,2025-01-16,2025-01-19,3,True
EMP0077,Sales,Annual,2025-06-11,2025-06-12,1,False
EMP0077,Sales,Emergency,2026-01-01,2026-01-02,1,True
EMP0078,Operations,Sick,2023-09-08,2023-09-11,3,True
EMP0078,Operations,Unpaid,2024-07-20,2024-07-21,1,False
EMP0078,Operations,Emergency,2025-02-06,2025-02-11,5,False
EMP0078,Operations,Annual,2024-02-07,2024-02-08,1,True
EMP0078,Operations,Unpaid,2024-02-08,2024-02-10,2,True
EMP0079,Sales,Unpaid,2024-08-05,2024-08-07,2,True
EMP0079,Sales,Maternity/Paternity,2024-02-26,2024-03-02,5,True
EMP0079,Sales,Annual,2024-07-03,2024-07-09,6,True
EMP0079,Sales,Sick,2026-02-12,2026-02-16,4,True
EMP0079,Sales,Emergency,2025-10-30,2025-11-05,6,True
EMP0079,Sales,Unpaid,2024-02-29,2024-03-05,5,True
EMP0079,Sales,Annual,2025-07-06,2025-07-10,4,True
EMP0079,Sales,Unpaid,2026-01-21,2026-01-24,3,True
EMP0079,Sales,Annual,2025-02-10,2025-02-14,4,True
EMP0079,Sales,Emergency,2024-07-13,2024-07-19,6,False
EMP0080,Sales,Maternity/Paternity,2025-08-10,2025-08-16,6,True
EMP0080,Sales,Unpaid,2024-11-23,2024-11-24,1,True
EMP0080,Sales,Emergency,2023-11-06,2023-11-09,3,True
EMP0080,Sales,Maternity/Paternity,2023-11-09,2023-11-10,1,False
EMP0080,Sales,Emergency,2025-07-15,2025-07-20,5,True
EMP0080,Sales,Unpaid,2024-01-19,2024-01-23,4,True
EMP0080,Sales,Unpaid,2023-11-04,2023-11-06,2,True
EMP0080,Sales,Annual,2025-01-11,2025-01-17,6,True
EMP0080,Sales,Maternity/Paternity,2024-02-29,2024-03-01,1,True
EMP0080,Sales,Sick,2025-08-06,2025-08-12,6,True
EMP0080,Sales,Sick,2024-10-10,2024-10-15,5,True
EMP0081,HR,Emergency,2024-09-17,2024-09-22,5,False
EMP0081,HR,Annual,2024-11-08,2024-11-10,2,True
EMP0081,HR,Emergency,2025-05-15,2025-05-18,3,True
EMP0081,HR,Unpaid,2025-04-28,2025-05-02,4,True
EMP0081,HR,Emergency,2025-01-23,2025-01-26,3,True
EMP0081,HR,Unpaid,2025-01-07,2025-01-09,2,True
EMP0081,HR,Sick,2025-05-27,2025-06-01,5,True
EMP0081,HR,Unpaid,2024-10-26,2024-10-28,2,True
EMP0081,HR,Annual,2024-05-27,2024-05-28,1,True
EMP0081,HR,Unpaid,2024-07-30,2024-08-06,7,True
EMP0081,HR,Maternity/Paternity,2024-06-22,2024-06-25,3,True
EMP0082,Operations,Emergency,2024-03-10,2024-03-16,6,True
EMP0082,Operations,Unpaid,2026-01-30,2026-02-04,5,True
EMP0082,Operations,Annual,2023-10-23,2023-10-29,6,True
EMP0082,Operations,Unpaid,2025-12-20,2025-12-21,1,True
EMP0082,Operations,Emergency,2024-08-10,2024-08-12,2,True
EMP0082,Operations,Annual,2025-08-16,2025-08-22,6,True
EMP0083,Finance,Unpaid,2025-06-09,2025-06-15,6,True
EMP0083,Finance,Maternity/Paternity,2025-01-31,2025-02-03,3,True
EMP0083,Finance,Annual,2025-08-04,2025-08-09,5,False
EMP0083,Finance,Emergency,2025-09-27,2025-10-04,7,True
EMP0083,Finance,Emergency,2025-04-27,2025-04-29,2,False
EMP0083,Finance,Annual,2025-11-05,2025-11-11,6,True
EMP0083,Finance,Unpaid,2025-10-20,2025-10-23,3,True
EMP0083,Finance,Annual,2026-02-07,2026-02-09,2,True
EMP0083,Finance,Unpaid,2025-07-21,2025-07-24,3,True
EMP0083,Finance,Annual,2025-10-05,2025-10-08,3,True
EMP0083,Finance,Annual,2025-08-08,2025-08-15,7,False
EMP0084,Sales,Unpaid,2024-09-04,2024-09-06,2,False
EMP0084,Sales,Annual,2025-04-13,2025-04-15,2,True
EMP0084,Sales,Emergency,2025-02-02,2025-02-08,6,True
EMP0084,Sales,Maternity/Paternity,2025-04-28,2025-04-30,2,True
EMP0084,Sales,Unpaid,2024-07-29,2024-08-02,4,False
EMP0085,Finance,Sick,2026-01-01,2026-01-06,5,True
EMP0085,Finance,Emergency,2025-02-17,2025-02-22,5,True
EMP0085,Finance,Sick,2025-04-24,2025-05-01,7,True
EMP0085,Finance,Sick,2025-02-14,2025-02-18,4,True
EMP0085,Finance,Annual,2025-03-09,2025-03-12,3,True
EMP0085,Finance,Unpaid,2025-01-28,2025-01-30,2,True
EMP0086,Engineering,Unpaid,2025-06-01,2025-06-02,1,False
EMP0086,Engineering,Unpaid,2024-07-15,2024-07-19,4,True
EMP0086,Engineering,Unpaid,2025-12-30,2026-01-06,7,True
EMP0087,Finance,Sick,2024-07-28,2024-07-30,2,True
EMP0087,Finance,Unpaid,2025-12-27,2026-01-01,5,True
EMP0087,Finance,Emergency,2025-12-28,2025-12-30,2,True
EMP0087,Finance,Annual,2024-05-06,2024-05-09,3,True
EMP0088,HR,Emergency,2024-09-10,2024-09-15,5,True
EMP0088,HR,Maternity/Paternity,2025-05-13,2025-05-15,2,True
EMP0088,HR,Sick,2024-09-13,2024-09-15,2,True
EMP0088,HR,Annual,2025-06-18,2025-06-25,7,False
EMP0088,HR,Sick,2025-06-22,2025-06-24,2,True
EMP0088,HR,Maternity/Paternity,2024-07-02,2024-07-04,2,True
EMP0088,HR,Unpaid,2025-09-09,2025-09-15,6,True
EMP0088,HR,Maternity/Paternity,2025-01-03,2025-01-07,4,True
EMP0089,Marketing,Unpaid,2025-03-21,2025-03-27,6,True
EMP0089,Marketing,Annual,2026-02-03,2026-02-08,5,True
EMP0089,Marketing,Annual,2025-08-13,2025-08-17,4,True
EMP0089,Marketing,Emergency,2024-06-18,2024-06-23,5,True
EMP0089,Marketing,Maternity/Paternity,2023-04-22,2023-04-27,5,True
EMP0089,Marketing,Unpaid,2023-05-12,2023-05-14,2,True
EMP0089,Marketing,Unpaid,2024-10-16,2024-10-23,7,True
EMP0089,Marketing,Emergency,2025-06-15,2025-06-18,3,False
EMP0089,Marketing,Maternity/Paternity,2025-12-25,2025-12-27,2,True
EMP0089,Marketing,Emergency,2025-08-14,2025-08-15,1,True
EMP0090,Sales,Sick,2025-05-13,2025-05-18,5,True
EMP0090,Sales,Annual,2025-02-06,2025-02-10,4,True
EMP0090,Sales,Sick,2025-04-16,2025-04-22,6,False
EMP0090,Sales,Unpaid,2024-12-09,2024-12-12,3,True
EMP0090,Sales,Sick,2025-05-17,2025-05-24,7,True
EMP0091,Sales,Maternity/Paternity,2025-03-22,2025-03-23,1,True
EMP0091,Sales,Maternity/Paternity,2025-03-19,2025-03-24,5,True
EMP0092,Operations,Maternity/Paternity,2025-08-03,2025-08-05,2,True
EMP0092,Operations,Sick,2023-12-30,2024-01-06,7,False
EMP0092,Operations,Sick,2025-06-17,2025-06-24,7,True
EMP0092,Operations,Annual,2024-04-12,2024-04-14,2,True
EMP0092,Operations,Maternity/Paternity,2024-09-27,2024-10-03,6,True
EMP0092,Operations,Sick,2024-05-19,2024-05-20,1,False
EMP0092,Operations,Unpaid,2023-11-19,2023-11-24,5,True
EMP0092,Operations,Maternity/Paternity,2025-04-08,2025-04-15,7,True
EMP0092,Operations,Maternity/Paternity,2023-11-21,2023-11-26,5,True
EMP0093,Engineering,Maternity/Paternity,2025-12-29,2026-01-02,4,True
EMP0093,Engineering,Emergency,2025-05-03,2025-05-05,2,True
EMP0093,Engineering,Sick,2026-02-09,2026-02-16,7,True
EMP0093,Engineering,Unpaid,2025-07-14,2025-07-15,1,True
EMP0093,Engineering,Emergency,2025-05-16,2025-05-22,6,True
EMP0093,Engineering,Annual,2025-09-29,2025-10-02,3,True
EMP0093,Engineering,Sick,2025-11-29,2025-12-01,2,True
EMP0093,Engineering,Emergency,2026-02-17,2026-02-24,7,True
EMP0093,Engineering,Emergency,2025-12-19,2025-12-25,6,True
EMP0093,Engineering,Unpaid,2025-05-18,2025-05-19,1,True
EMP0094,Marketing,Maternity/Paternity,2023-09-19,2023-09-26,7,True
EMP0094,Marketing,Maternity/Paternity,2023-09-13,2023-09-16,3,True
EMP0094,Marketing,Emergency,2024-11-16,2024-11-19,3,True
EMP0094,Marketing,Sick,2024-07-06,2024-07-12,6,True
EMP0094,Marketing,Emergency,2023-12-13,2023-12-18,5,False
EMP0094,Marketing,Emergency,2026-01-18,2026-01-24,6,False
EMP0094,Marketing,Emergency,2024-12-12,2024-12-16,4,True
EMP0095,Operations,Emergency,2025-07-06,2025-07-11,5,True
EMP0095,Operations,Emergency,2024-05-26,2024-05-31,5,True
EMP0095,Operations,Maternity/Paternity,2026-01-30,2026-02-05,6,True
EMP0095,Operations,Sick,2024-07-17,2024-07-22,5,True
EMP0095,Operations,Annual,2024-07-31,2024-08-01,1,True
EMP0096,Engineering,Sick,2024-05-05,2024-05-11,6,True
EMP0096,Engineering,Annual,2025-03-05,2025-03-09,4,True
EMP0096,Engineering,Sick,2025-08-01,2025-08-08,7,True
EMP0096,Engineering,Unpaid,2024-07-30,2024-08-05,6,True
EMP0096,Engineering,Unpaid,2024-03-15,2024-03-18,3,True
EMP0096,Engineering,Annual,2024-12-02,2024-12-09,7,True
EMP0096,Engineering,Maternity/Paternity,2024-12-12,2024-12-15,3,True
EMP0096,Engineering,Sick,2025-09-27,2025-09-28,1,True
EMP0096,Engineering,Maternity/Paternity,2024-12-17,2024-12-23,6,False
EMP0096,Engineering,Sick,2024-02-11,2024-02-17,6,True
EMP0096,Engineering,Emergency,2025-10-09,2025-10-13,4,False
EMP0097,Finance,Annual,2025-08-15,2025-08-21,6,True
EMP0097,Finance,Unpaid,2025-04-20,2025-04-25,5,True
EMP0097,Finance,Emergency,2024-07-07,2024-07-09,2,True
EMP0097,Finance,Sick,2025-06-15,2025-06-16,1,True
EMP0097,Finance,Maternity/Paternity,2024-07-19,2024-07-22,3,True
EMP0097,Finance,Emergency,2024-12-04,2024-12-09,5,True
EMP0097,Finance,Unpaid,2026-02-17,2026-02-18,1,True
EMP0097,Finance,Annual,2025-05-06,2025-05-12,6,True
EMP0098,Finance,Unpaid,2025-09-29,2025-10-01,2,True
EMP0098,Finance,Emergency,2025-06-21,2025-06-23,2,True
EMP0099,HR,Annual,2024-09-24,2024-10-01,7,True
EMP0099,HR,Emergency,2023-12-10,2023-12-14,4,True
EMP0100,HR,Sick,2026-02-01,2026-02-03,2,True
EMP0100,HR,Emergency,2026-01-23,2026-01-29,6,True
EMP0100,HR,Annual,2025-11-04,2025-11-06,2,True
EMP0100,HR,Sick,2026-02-09,2026-02-15,6,True
EMP0100,HR,Maternity/Paternity,2025-06-08,2025-06-12,4,True
EMP0100,HR,Annual,2026-02-12,2026-02-13,1,True
EMP0100,HR,Emergency,2025-06-12,2025-06-18,6,True
EMP0100,HR,Annual,2025-11-07,2025-11-11,4,True
EMP0101,HR,Unpaid,2025-06-25,2025-06-30,5,True
EMP0101,HR,Sick,2025-08-12,2025-08-15,3,True
EMP0101,HR,Unpaid,2025-08-29,2025-09-03,5,True
EMP0101,HR,Unpaid,2025-12-08,2025-12-09,1,True
EMP0101,HR,Annual,2025-08-29,2025-08-30,1,False
EMP0102,Operations,Sick,2026-02-13,2026-02-14,1,True
EMP0102,Operations,Sick,2025-01-09,2025-01-12,3,False
EMP0102,Operations,Sick,2024-10-29,2024-11-03,5,True
EMP0102,Operations,Unpaid,2024-12-25,2024-12-30,5,True
EMP0102,Operations,Annual,2023-07-10,2023-07-12,2,True
EMP0102,Operations,Maternity/Paternity,2023-07-10,2023-07-11,1,True
EMP0102,Operations,Sick,2025-08-18,2025-08-22,4,True
EMP0102,Operations,Unpaid,2025-09-27,2025-10-02,5,True
EMP0102,Operations,Emergency,2024-05-07,2024-05-13,6,True
EMP0103,Marketing,Annual,2025-10-15,2025-10-17,2,True
EMP0103,Marketing,Annual,2025-12-21,2025-12-25,4,True
EMP0103,Marketing,Maternity/Paternity,2025-12-14,2025-12-20,6,True
EMP0103,Marketing,Emergency,2025-04-22,2025-04-24,2,True
EMP0103,Marketing,Sick,2025-07-03,2025-07-07,4,True
EMP0103,Marketing,Unpaid,2025-12-04,2025-12-07,3,True
EMP0103,Marketing,Maternity/Paternity,2025-01-13,2025-01-14,1,True
EMP0103,Marketing,Sick,2025-08-31,2025-09-04,4,True
EMP0104,Sales,Sick,2025-05-17,2025-05-22,5,True
EMP0104,Sales,Annual,2024-10-26,2024-11-02,7,True
EMP0104,Sales,Unpaid,2025-07-03,2025-07-04,1,True
EMP0104,Sales,Maternity/Paternity,2024-10-21,2024-10-26,5,True
EMP0104,Sales,Sick,2024-05-13,2024-05-18,5,False
EMP0104,Sales,Unpaid,2024-10-04,2024-10-05,1,True
EMP0105,Operations,Maternity/Paternity,2025-11-06,2025-11-10,4,True
EMP0105,Operations,Sick,2025-02-24,2025-03-01,5,True
EMP0105,Operations,Emergency,2026-01-25,2026-01-26,1,True
EMP0105,Operations,Emergency,2024-07-06,2024-07-11,5,True
EMP0105,Operations,Maternity/Paternity,2025-09-30,2025-10-01,1,True
EMP0105,Operations,Emergency,2025-04-30,2025-05-01,1,True
EMP0105,Operations,Maternity/Paternity,2025-11-11,2025-11-18,7,True
EMP0105,Operations,Annual,2025-12-31,2026-01-06,6,True
EMP0105,Operations,Annual,2024-07-31,2024-08-05,5,True
EMP0105,Operations,Maternity/Paternity,2026-01-16,2026-01-18,2,True
EMP0105,Operations,Emergency,2025-04-14,2025-04-19,5,True
EMP0105,Operations,Unpaid,2024-10-07,2024-10-13,6,True
EMP0106,Marketing,Unpaid,2024-09-16,2024-09-20,4,False
EMP0106,Marketing,Emergency,2025-06-28,2025-06-29,1,False
EMP0106,Marketing,Sick,2024-12-27,2025-01-03,7,True
EMP0106,Marketing,Emergency,2024-01-12,2024-01-15,3,False
EMP0106,Marketing,Emergency,2023-11-10,2023-11-16,6,True
EMP0106,Marketing,Unpaid,2024-11-11,2024-11-12,1,True
EMP0106,Marketing,Emergency,2024-07-07,2024-07-11,4,True
EMP0106,Marketing,Maternity/Paternity,2024-09-30,2024-10-06,6,True
EMP0106,Marketing,Sick,2025-01-28,2025-02-02,5,True
EMP0106,Marketing,Sick,2025-03-10,2025-03-12,2,True
EMP0106,Marketing,Maternity/Paternity,2024-11-12,2024-11-19,7,True
EMP0107,HR,Annual,2024-11-07,2024-11-09,2,True
EMP0107,HR,Maternity/Paternity,2024-07-18,2024-07-20,2,True
EMP0107,HR,Sick,2024-11-18,2024-11-19,1,True
EMP0107,HR,Maternity/Paternity,2025-08-31,2025-09-07,7,False
EMP0107,HR,Sick,2025-09-10,2025-09-15,5,True
EMP0107,HR,Maternity/Paternity,2025-09-09,2025-09-14,5,True
EMP0107,HR,Maternity/Paternity,2025-02-18,2025-02-20,2,True
EMP0107,HR,Sick,2026-02-13,2026-02-17,4,True
EMP0107,HR,Emergency,2025-04-03,2025-04-07,4,True
EMP0107,HR,Emergency,2024-08-05,2024-08-06,1,True
EMP0107,HR,Emergency,2025-07-14,2025-07-15,1,True
EMP0108,Marketing,Emergency,2025-02-20,2025-02-22,2,False
EMP0108,Marketing,Unpaid,2026-01-30,2026-02-06,7,True
EMP0108,Marketing,Emergency,2025-02-20,2025-02-25,5,True
EMP0108,Marketing,Annual,2025-09-09,2025-09-15,6,True
EMP0108,Marketing,Emergency,2025-10-14,2025-10-21,7,True
EMP0108,Marketing,Emergency,2025-02-07,2025-02-10,3,True
EMP0108,Marketing,Emergency,2025-09-08,2025-09-12,4,False
EMP0108,Marketing,Unpaid,2025-10-31,2025-11-06,6,True
EMP0108,Marketing,Unpaid,2026-02-23,2026-02-26,3,True
EMP0108,Marketing,Unpaid,2026-01-01,2026-01-06,5,True
EMP0108,Marketing,Annual,2025-10-26,2025-10-29,3,True
EMP0108,Marketing,Emergency,2025-11-03,2025-11-05,2,True
EMP0109,Engineering,Emergency,2026-02-05,2026-02-11,6,True
EMP0109,Engineering,Sick,2025-03-10,2025-03-11,1,True
EMP0109,Engineering,Unpaid,2026-01-10,2026-01-13,3,True
EMP0109,Engineering,Unpaid,2024-08-13,2024-08-16,3,True
EMP0109,Engineering,Sick,2024-02-22,2024-02-27,5,False
EMP0110,Marketing,Sick,2024-01-30,2024-02-02,3,True
EMP0110,Marketing,Sick,2023-12-07,2023-12-11,4,True
EMP0111,Marketing,Sick,2024-06-29,2024-06-30,1,True
EMP0112,Finance,Maternity/Paternity,2025-12-03,2025-12-10,7,True
EMP0112,Finance,Maternity/Paternity,2024-06-23,2024-06-29,6,True
EMP0112,Finance,Emergency,2024-01-30,2024-02-01,2,True
EMP0113,Finance,Unpaid,2024-10-07,2024-10-13,6,True
EMP0113,Finance,Sick,2024-12-09,2024-12-10,1,True
EMP0113,Finance,Maternity/Paternity,2025-12-13,2025-12-16,3,True
EMP0113,Finance,Maternity/Paternity,2026-02-09,2026-02-11,2,True
EMP0113,Finance,Unpaid,2025-09-16,2025-09-20,4,True
EMP0113,Finance,Unpaid,2025-11-01,2025-11-02,1,False
EMP0114,Operations,Unpaid,2025-05-19,2025-05-25,6,False
EMP0114,Operations,Emergency,2023-06-21,2023-06-22,1,True
EMP0114,Operations,Unpaid,2025-08-29,2025-09-03,5,True
EMP0114,Operations,Annual,2024-09-25,2024-10-02,7,True
EMP0114,Operations,Sick,2025-06-07,2025-06-11,4,True
EMP0114,Operations,Unpaid,2024-05-01,2024-05-06,5,True
EMP0114,Operations,Emergency,2024-03-31,2024-04-03,3,True
EMP0114,Operations,Annual,2023-04-15,2023-04-22,7,True
EMP0115,Operations,Maternity/Paternity,2025-01-09,2025-01-15,6,True
EMP0115,Operations,Sick,2025-07-12,2025-07-15,3,True
EMP0116,Finance,Emergency,2024-11-27,2024-11-28,1,True
EMP0116,Finance,Annual,2025-04-04,2025-04-09,5,True
EMP0116,Finance,Emergency,2024-12-25,2024-12-26,1,True
EMP0116,Finance,Sick,2025-03-02,2025-03-03,1,True
EMP0116,Finance,Annual,2025-12-16,2025-12-22,6,True
EMP0116,Finance,Maternity/Paternity,2025-06-04,2025-06-11,7,True
EMP0116,Finance,Sick,2025-07-22,2025-07-25,3,True
EMP0116,Finance,Annual,2025-06-04,2025-06-11,7,True
EMP0116,Finance,Unpaid,2025-07-31,2025-08-01,1,False
EMP0116,Finance,Maternity/Paternity,2025-05-23,2025-05-25,2,True
EMP0117,Operations,Maternity/Paternity,2025-06-24,2025-06-26,2,True
EMP0117,Operations,Emergency,2025-09-11,2025-09-13,2,True
EMP0117,Operations,Unpaid,2025-10-02,2025-10-08,6,True
EMP0117,Operations,Emergency,2023-09-08,2023-09-09,1,True
EMP0118,HR,Sick,2023-06-29,2023-07-03,4,True
EMP0118,HR,Maternity/Paternity,2023-06-10,2023-06-11,1,True
EMP0118,HR,Maternity/Paternity,2025-05-26,2025-05-29,3,True
EMP0118,HR,Maternity/Paternity,2024-11-18,2024-11-24,6,True
EMP0118,HR,Annual,2024-07-27,2024-08-03,7,True
EMP0118,HR,Maternity/Paternity,2023-06-13,2023-06-17,4,True
EMP0118,HR,Unpaid,2024-12-09,2024-12-12,3,True
EMP0118,HR,Annual,2024-07-24,2024-07-25,1,True
EMP0119,Engineering,Maternity/Paternity,2025-01-16,2025-01-23,7,True
EMP0119,Engineering,Sick,2025-05-03,2025-05-09,6,True
EMP0119,Engineering,Sick,2024-12-26,2024-12-30,4,True
EMP0119,Engineering,Unpaid,2025-06-23,2025-06-24,1,True
EMP0119,Engineering,Sick,2025-10-25,2025-10-29,4,True
EMP0119,Engineering,Emergency,2025-03-14,2025-03-15,1,True
EMP0120,HR,Emergency,2025-01-21,2025-01-28,7,True
EMP0120,HR,Maternity/Paternity,2025-09-01,2025-09-06,5,False
EMP0120,HR,Unpaid,2024-12-28,2024-12-29,1,True
EMP0120,HR,Annual,2026-01-27,2026-02-02,6,True
EMP0120,HR,Emergency,2025-04-07,2025-04-14,7,True
EMP0120,HR,Emergency,2025-12-02,2025-12-09,7,True
EMP0120,HR,Annual,2025-10-12,2025-10-14,2,True
EMP0121,HR,Annual,2026-02-14,2026-02-20,6,True
EMP0121,HR,Sick,2024-11-17,2024-11-19,2,True
EMP0121,HR,Annual,2024-11-22,2024-11-25,3,True
EMP0122,Operations,Annual,2025-10-04,2025-10-09,5,True
EMP0122,Operations,Maternity/Paternity,2023-09-18,2023-09-19,1,True
EMP0122,Operations,Annual,2025-02-21,2025-02-23,2,True
EMP0123,Sales,Maternity/Paternity,2025-08-12,2025-08-19,7,True
EMP0123,Sales,Sick,2025-01-19,2025-01-22,3,True
EMP0123,Sales,Annual,2025-02-25,2025-02-28,3,True
EMP0123,Sales,Maternity/Paternity,2025-01-23,2025-01-30,7,True
EMP0123,Sales,Sick,2025-09-14,2025-09-19,5,True
EMP0123,Sales,Annual,2024-10-12,2024-10-14,2,True
EMP0123,Sales,Sick,2025-09-21,2025-09-28,7,True
EMP0124,Engineering,Annual,2024-01-29,2024-01-30,1,True
EMP0124,Engineering,Emergency,2024-02-07,2024-02-13,6,False
EMP0124,Engineering,Maternity/Paternity,2025-01-07,2025-01-13,6,True
EMP0124,Engineering,Unpaid,2024-06-06,2024-06-08,2,True
EMP0124,Engineering,Sick,2025-01-02,2025-01-04,2,True
EMP0124,Engineering,Sick,2023-12-16,2023-12-21,5,True
EMP0124,Engineering,Unpaid,2025-07-26,2025-07-27,1,True
EMP0124,Engineering,Sick,2023-11-12,2023-11-17,5,True
EMP0125,Finance,Unpaid,2023-08-24,2023-08-29,5,True
EMP0125,Finance,Sick,2026-02-19,2026-02-24,5,True
EMP0125,Finance,Annual,2024-04-11,2024-04-14,3,True
EMP0125,Finance,Maternity/Paternity,2023-12-12,2023-12-18,6,True
EMP0125,Finance,Annual,2024-01-03,2024-01-09,6,True
EMP0125,Finance,Sick,2025-02-24,2025-02-27,3,True
EMP0125,Finance,Maternity/Paternity,2024-12-25,2024-12-30,5,True
EMP0125,Finance,Sick,2023-05-28,2023-06-02,5,True
EMP0125,Finance,Emergency,2023-04-10,2023-04-14,4,True
EMP0126,Engineering,Emergency,2025-11-25,2025-11-29,4,True
EMP0126,Engineering,Unpaid,2025-06-23,2025-06-25,2,True
EMP0126,Engineering,Sick,2025-01-16,2025-01-19,3,True
EMP0126,Engineering,Sick,2025-12-03,2025-12-07,4,True
EMP0127,Marketing,Emergency,2024-09-19,2024-09-23,4,True
EMP0127,Marketing,Sick,2025-11-11,2025-11-15,4,True
EMP0127,Marketing,Sick,2025-06-21,2025-06-25,4,True
EMP0127,Marketing,Sick,2024-10-21,2024-10-25,4,True
EMP0128,HR,Sick,2025-03-17,2025-03-20,3,True
EMP0128,HR,Sick,2024-10-22,2024-10-25,3,True
EMP0128,HR,Maternity/Paternity,2025-12-11,2025-12-15,4,True
EMP0128,HR,Unpaid,2025-08-08,2025-08-10,2,True
EMP0128,HR,Emergency,2025-02-12,2025-02-17,5,True
EMP0129,HR,Emergency,2025-01-19,2025-01-26,7,True
EMP0129,HR,Maternity/Paternity,2024-07-03,2024-07-08,5,True
EMP0130,Marketing,Maternity/Paternity,2024-11-16,2024-11-22,6,True
EMP0130,Marketing,Unpaid,2025-03-15,2025-03-17,2,True
EMP0130,Marketing,Sick,2025-03-02,2025-03-07,5,False
EMP0130,Marketing,Maternity/Paternity,2026-02-11,2026-02-12,1,False
EMP0130,Marketing,Emergency,2024-11-29,2024-12-03,4,True
EMP0131,Engineering,Annual,2024-06-16,2024-06-20,4,True
EMP0131,Engineering,Emergency,2024-03-30,2024-03-31,1,True
EMP0131,Engineering,Maternity/Paternity,2024-11-16,2024-11-22,6,False
EMP0131,Engineering,Unpaid,2024-02-03,2024-02-06,3,True
EMP0131,Engineering,Maternity/Paternity,2024-01-13,2024-01-14,1,True
EMP0131,Engineering,Maternity/Paternity,2024-02-18,2024-02-24,6,True
EMP0131,Engineering,Annual,2024-12-14,2024-12-19,5,False
EMP0131,Engineering,Sick,2024-07-22,2024-07-29,7,True
EMP0131,Engineering,Unpaid,2024-06-22,2024-06-24,2,True
EMP0132,Finance,Annual,2024-06-15,2024-06-22,7,True
EMP0132,Finance,Annual,2025-05-20,2025-05-25,5,True
EMP0132,Finance,Emergency,2025-03-17,2025-03-23,6,True
EMP0132,Finance,Annual,2025-01-12,2025-01-19,7,True
EMP0132,Finance,Annual,2025-05-23,2025-05-29,6,True
EMP0132,Finance,Annual,2025-06-21,2025-06-22,1,True
EMP0132,Finance,Annual,2025-10-03,2025-10-08,5,True
EMP0132,Finance,Emergency,2024-12-10,2024-12-16,6,True
EMP0132,Finance,Sick,2026-01-09,2026-01-15,6,True
EMP0132,Finance,Emergency,2025-05-22,2025-05-24,2,True
EMP0132,Finance,Emergency,2025-10-16,2025-10-22,6,True
EMP0132,Finance,Sick,2025-01-14,2025-01-21,7,True
EMP0133,Engineering,Maternity/Paternity,2024-11-21,2024-11-27,6,True
EMP0133,Engineering,Unpaid,2024-08-01,2024-08-04,3,True
EMP0133,Engineering,Annual,2024-11-21,2024-11-26,5,True
EMP0134,Marketing,Emergency,2025-07-28,2025-08-04,7,False
EMP0134,Marketing,Unpaid,2024-12-08,2024-12-13,5,True
EMP0134,Marketing,Annual,2025-08-12,2025-08-19,7,True
EMP0134,Marketing,Annual,2026-02-24,2026-02-28,4,True
EMP0134,Marketing,Annual,2024-03-04,2024-03-07,3,True
EMP0134,Marketing,Sick,2024-06-11,2024-06-12,1,True
EMP0134,Marketing,Emergency,2026-02-14,2026-02-16,2,False
EMP0134,Marketing,Maternity/Paternity,2023-09-26,2023-09-29,3,False
EMP0134,Marketing,Maternity/Paternity,2025-03-10,2025-03-12,2,True
EMP0135,Operations,Annual,2025-09-12,2025-09-18,6,True
EMP0135,Operations,Sick,2023-10-22,2023-10-23,1,True
EMP0135,Operations,Unpaid,2025-02-01,2025-02-07,6,True
EMP0135,Operations,Unpaid,2024-08-04,2024-08-10,6,True
EMP0135,Operations,Emergency,2025-06-30,2025-07-06,6,True
EMP0135,Operations,Unpaid,2024-11-16,2024-11-20,4,True
EMP0135,Operations,Unpaid,2026-02-23,2026-03-02,7,True
EMP0135,Operations,Maternity/Paternity,2024-05-11,2024-05-13,2,True
EMP0136,Marketing,Unpaid,2024-07-12,2024-07-14,2,True
EMP0136,Marketing,Sick,2024-11-11,2024-11-16,5,True
EMP0136,Marketing,Sick,2025-03-13,2025-03-15,2,True
EMP0136,Marketing,Sick,2024-10-29,2024-10-31,2,True
EMP0136,Marketing,Sick,2025-04-14,2025-04-19,5,True
EMP0137,Finance,Emergency,2024-11-02,2024-11-04,2,True
EMP0137,Finance,Sick,2025-03-18,2025-03-21,3,True
EMP0137,Finance,Emergency,2025-11-01,2025-11-03,2,True
EMP0137,Finance,Maternity/Paternity,2024-05-23,2024-05-27,4,True
EMP0137,Finance,Sick,2025-08-10,2025-08-13,3,True
EMP0137,Finance,Unpaid,2025-11-08,2025-11-13,5,True
EMP0138,Sales,Emergency,2025-10-02,2025-10-05,3,True
EMP0138,Sales,Maternity/Paternity,2026-01-03,2026-01-09,6,True
EMP0138,Sales,Maternity/Paternity,2024-09-27,2024-10-03,6,False
EMP0138,Sales,Emergency,2024-10-24,2024-10-30,6,True
EMP0138,Sales,Emergency,2024-06-29,2024-07-03,4,True
EMP0139,Finance,Unpaid,2025-09-15,2025-09-16,1,True
EMP0139,Finance,Emergency,2026-02-08,2026-02-10,2,True
EMP0139,Finance,Annual,2025-08-06,2025-08-08,2,True
EMP0139,Finance,Annual,2025-10-31,2025-11-06,6,False
EMP0139,Finance,Maternity/Paternity,2025-10-04,2025-10-06,2,True
EMP0139,Finance,Annual,2026-01-20,2026-01-25,5,False
EMP0139,Finance,Sick,2025-09-17,2025-09-21,4,True
EMP0139,Finance,Maternity/Paternity,2025-10-21,2025-10-24,3,True
EMP0140,Operations,Unpaid,2025-05-01,2025-05-04,3,False
EMP0140,Operations,Annual,2026-01-27,2026-02-01,5,True
EMP0140,Operations,Maternity/Paternity,2026-02-03,2026-02-07,4,True
EMP0140,Operations,Maternity/Paternity,2025-04-02,2025-04-04,2,True
EMP0140,Operations,Emergency,2025-06-06,2025-06-08,2,True
EMP0141,HR,Maternity/Paternity,2025-06-06,2025-06-09,3,False
EMP0141,HR,Annual,2025-11-15,2025-11-18,3,False
EMP0141,HR,Maternity/Paternity,2025-12-19,2025-12-26,7,True
EMP0142,Marketing,Maternity/Paternity,2024-12-20,2024-12-23,3,True
EMP0142,Marketing,Emergency,2024-09-20,2024-09-26,6,True
EMP0142,Marketing,Sick,2024-04-07,2024-04-09,2,True
EMP0142,Marketing,Maternity/Paternity,2024-06-24,2024-06-29,5,True
EMP0142,Marketing,Emergency,2025-03-26,2025-03-29,3,True
EMP0142,Marketing,Maternity/Paternity,2024-11-09,2024-11-15,6,True
EMP0142,Marketing,Sick,2025-03-08,2025-03-09,1,True
EMP0143,Marketing,Annual,2025-11-07,2025-11-11,4,True
EMP0143,Marketing,Sick,2024-11-15,2024-11-19,4,True
EMP0143,Marketing,Sick,2025-12-30,2026-01-05,6,True
EMP0143,Marketing,Annual,2024-11-04,2024-11-08,4,True
EMP0143,Marketing,Maternity/Paternity,2025-01-30,2025-02-04,5,True
EMP0143,Marketing,Maternity/Paternity,2024-10-16,2024-10-22,6,False
EMP0143,Marketing,Emergency,2024-05-27,2024-05-30,3,True
EMP0143,Marketing,Unpaid,2024-02-12,2024-02-19,7,True
EMP0143,Marketing,Unpaid,2024-03-25,2024-03-27,2,True
EMP0143,Marketing,Unpaid,2026-01-04,2026-01-06,2,True
EMP0143,Marketing,Maternity/Paternity,2024-10-31,2024-11-03,3,True
EMP0144,Sales,Unpaid,2024-10-15,2024-10-18,3,True
EMP0144,Sales,Sick,2024-11-13,2024-11-18,5,True
EMP0144,Sales,Annual,2025-03-02,2025-03-09,7,True
EMP0144,Sales,Unpaid,2025-02-14,2025-02-19,5,True
EMP0144,Sales,Unpaid,2025-07-01,2025-07-04,3,True
EMP0144,Sales,Sick,2025-08-22,2025-08-29,7,True
EMP0145,Operations,Maternity/Paternity,2024-08-14,2024-08-17,3,True
EMP0145,Operations,Sick,2023-12-15,2023-12-16,1,True
EMP0145,Operations,Sick,2024-04-12,2024-04-19,7,True
EMP0145,Operations,Emergency,2025-12-27,2026-01-03,7,True
EMP0145,Operations,Maternity/Paternity,2023-09-06,2023-09-10,4,False
EMP0145,Operations,Sick,2023-09-11,2023-09-18,7,False
EMP0145,Operations,Unpaid,2025-09-24,2025-09-27,3,True
EMP0145,Operations,Maternity/Paternity,2023-10-27,2023-11-03,7,False
EMP0145,Operations,Unpaid,2025-12-22,2025-12-29,7,True
EMP0146,Engineering,Annual,2023-10-28,2023-11-03,6,True
EMP0146,Engineering,Sick,2026-02-22,2026-02-28,6,True
EMP0146,Engineering,Sick,2024-08-08,2024-08-10,2,True
EMP0146,Engineering,Annual,2023-12-18,2023-12-22,4,True
EMP0146,Engineering,Maternity/Paternity,2025-11-30,2025-12-04,4,True
EMP0147,HR,Emergency,2025-06-14,2025-06-21,7,True
EMP0147,HR,Unpaid,2026-01-24,2026-01-25,1,True
EMP0148,Operations,Annual,2025-01-23,2025-01-24,1,True
EMP0148,Operations,Emergency,2024-11-17,2024-11-19,2,False
EMP0148,Operations,Unpaid,2023-09-17,2023-09-23,6,True
EMP0148,Operations,Unpaid,2023-08-08,2023-08-15,7,False
EMP0148,Operations,Sick,2024-03-02,2024-03-05,3,True
EMP0149,Finance,Emergency,2025-12-27,2025-12-29,2,True
EMP0149,Finance,Emergency,2025-04-08,2025-04-15,7,True
EMP0149,Finance,Sick,2025-11-14,2025-11-16,2,False
EMP0149,Finance,Emergency,2025-05-15,2025-05-22,7,True
EMP0149,Finance,Sick,2026-02-23,2026-02-24,1,False
EMP0149,Finance,Unpaid,2026-02-14,2026-02-18,4,True
EMP0149,Finance,Annual,2025-05-22,2025-05-26,4,True
EMP0149,Finance,Maternity/Paternity,2025-08-17,2025-08-21,4,True
EMP0149,Finance,Annual,2025-06-13,2025-06-17,4,True
EMP0149,Finance,Maternity/Paternity,2025-07-27,2025-07-28,1,True
EMP0149,Finance,Unpaid,2025-04-27,2025-05-01,4,True
EMP0149,Finance,Annual,2025-11-29,2025-12-05,6,True
EMP0150,Marketing,Unpaid,2023-02-28,2023-03-04,4,True
EMP0150,Marketing,Maternity/Paternity,2023-08-06,2023-08-09,3,True
EMP0150,Marketing,Maternity/Paternity,2023-05-14,2023-05-17,3,True
EMP0150,Marketing,Maternity/Paternity,2023-02-16,2023-02-23,7,False
EMP0151,Sales,Maternity/Paternity,2024-08-27,2024-08-28,1,True
EMP0151,Sales,Emergency,2025-04-06,2025-04-10,4,True
EMP0151,Sales,Sick,2024-05-23,2024-05-24,1,True
EMP0151,Sales,Annual,2026-02-06,2026-02-11,5,True
EMP0151,Sales,Unpaid,2024-08-16,2024-08-17,1,False
EMP0151,Sales,Emergency,2025-02-06,2025-02-08,2,True
EMP0152,Engineering,Maternity/Paternity,2024-05-31,2024-06-02,2,True
EMP0152,Engineering,Emergency,2024-11-07,2024-11-14,7,True
EMP0152,Engineering,Unpaid,2025-11-16,2025-11-20,4,True
EMP0152,Engineering,Maternity/Paternity,2025-10-05,2025-10-09,4,True
EMP0152,Engineering,Maternity/Paternity,2024-06-25,2024-07-02,7,True
EMP0152,Engineering,Maternity/Paternity,2024-10-09,2024-10-13,4,True
EMP0152,Engineering,Annual,2024-06-12,2024-06-13,1,True
EMP0153,Sales,Annual,2025-02-09,2025-02-15,6,False
EMP0153,Sales,Unpaid,2024-10-13,2024-10-18,5,True
EMP0154,Marketing,Annual,2023-09-30,2023-10-07,7,True
EMP0154,Marketing,Maternity/Paternity,2026-02-13,2026-02-20,7,True
EMP0154,Marketing,Maternity/Paternity,2024-05-03,2024-05-06,3,True
EMP0154,Marketing,Unpaid,2024-09-02,2024-09-07,5,True
EMP0154,Marketing,Annual,2023-04-22,2023-04-29,7,False
EMP0154,Marketing,Maternity/Paternity,2023-11-15,2023-11-19,4,True
EMP0154,Marketing,Maternity/Paternity,2025-04-25,2025-04-29,4,True
EMP0154,Marketing,Unpaid,2024-03-13,2024-03-18,5,False
EMP0154,Marketing,Maternity/Paternity,2024-02-16,2024-02-20,4,True
EMP0154,Marketing,Annual,2025-05-21,2025-05-25,4,True
EMP0155,Marketing,Emergency,2025-11-09,2025-11-14,5,True
EMP0155,Marketing,Sick,2025-08-07,2025-08-12,5,True
EMP0155,Marketing,Maternity/Paternity,2025-06-25,2025-06-28,3,True
EMP0155,Marketing,Unpaid,2025-06-18,2025-06-23,5,True
EMP0155,Marketing,Annual,2025-05-01,2025-05-04,3,True
EMP0155,Marketing,Unpaid,2024-12-30,2025-01-01,2,True
EMP0155,Marketing,Annual,2025-12-21,2025-12-26,5,True
EMP0155,Marketing,Maternity/Paternity,2025-10-23,2025-10-26,3,True
EMP0156,Finance,Unpaid,2025-01-25,2025-01-29,4,True
EMP0156,Finance,Sick,2024-10-02,2024-10-04,2,True
EMP0156,Finance,Annual,2025-09-23,2025-09-24,1,True
EMP0156,Finance,Sick,2024-05-22,2024-05-25,3,True
EMP0156,Finance,Maternity/Paternity,2024-12-24,2024-12-25,1,True
EMP0156,Finance,Emergency,2025-04-02,2025-04-07,5,False
EMP0157,Engineering,Maternity/Paternity,2024-11-15,2024-11-21,6,True
EMP0157,Engineering,Emergency,2025-04-16,2025-04-20,4,True
EMP0157,Engineering,Maternity/Paternity,2025-08-25,2025-08-26,1,True
EMP0157,Engineering,Unpaid,2025-10-16,2025-10-18,2,True
EMP0157,Engineering,Unpaid,2025-12-25,2026-01-01,7,True
EMP0158,Operations,Sick,2025-11-04,2025-11-08,4,True
EMP0158,Operations,Emergency,2025-06-09,2025-06-16,7,True
EMP0158,Operations,Unpaid,2025-09-14,2025-09-15,1,False
EMP0158,Operations,Sick,2025-11-23,2025-11-30,7,True
EMP0158,Operations,Emergency,2025-06-18,2025-06-24,6,True
EMP0159,Operations,Emergency,2024-05-18,2024-05-19,1,True
EMP0159,Operations,Sick,2024-12-11,2024-12-15,4,True
EMP0159,Operations,Unpaid,2023-10-30,2023-11-05,6,True
EMP0159,Operations,Emergency,2024-06-15,2024-06-19,4,True
EMP0159,Operations,Unpaid,2024-10-10,2024-10-14,4,True
EMP0159,Operations,Emergency,2024-11-19,2024-11-25,6,True
EMP0160,Marketing,Maternity/Paternity,2025-04-13,2025-04-18,5,True
EMP0161,Operations,Emergency,2024-01-09,2024-01-12,3,True
EMP0161,Operations,Annual,2023-12-23,2023-12-28,5,True
EMP0161,Operations,Sick,2023-11-17,2023-11-21,4,True
EMP0161,Operations,Unpaid,2024-05-31,2024-06-06,6,True
EMP0161,Operations,Annual,2023-12-11,2023-12-14,3,True
EMP0161,Operations,Unpaid,2023-12-12,2023-12-15,3,True
EMP0161,Operations,Emergency,2023-09-23,2023-09-29,6,True
EMP0161,Operations,Sick,2023-09-14,2023-09-15,1,True
EMP0161,Operations,Unpaid,2023-09-17,2023-09-24,7,True
EMP0161,Operations,Maternity/Paternity,2024-02-25,2024-02-29,4,True
EMP0161,Operations,Sick,2023-06-02,2023-06-04,2,True
EMP0161,Operations,Unpaid,2023-05-29,2023-06-01,3,True
EMP0162,Sales,Maternity/Paternity,2025-07-07,2025-07-13,6,True
EMP0162,Sales,Annual,2025-07-14,2025-07-21,7,True
EMP0162,Sales,Annual,2025-11-15,2025-11-22,7,False
EMP0163,Sales,Annual,2025-10-27,2025-11-02,6,True
EMP0163,Sales,Annual,2025-07-04,2025-07-06,2,True
EMP0163,Sales,Emergency,2026-01-05,2026-01-06,1,True
EMP0163,Sales,Emergency,2026-02-15,2026-02-22,7,True
EMP0163,Sales,Emergency,2025-06-09,2025-06-11,2,True
EMP0163,Sales,Emergency,2025-10-01,2025-10-04,3,True
EMP0163,Sales,Sick,2025-08-22,2025-08-26,4,True
EMP0164,Engineering,Maternity/Paternity,2023-07-06,2023-07-09,3,True
EMP0164,Engineering,Maternity/Paternity,2024-01-14,2024-01-15,1,True
EMP0164,Engineering,Emergency,2023-05-15,2023-05-18,3,True
EMP0165,Engineering,Sick,2024-06-02,2024-06-05,3,True
EMP0165,Engineering,Unpaid,2025-02-06,2025-02-13,7,True
EMP0165,Engineering,Annual,2023-03-27,2023-04-03,7,True
EMP0165,Engineering,Emergency,2024-05-19,2024-05-22,3,True
EMP0165,Engineering,Annual,2025-01-27,2025-02-03,7,True
EMP0165,Engineering,Maternity/Paternity,2024-05-13,2024-05-20,7,True
EMP0165,Engineering,Unpaid,2025-03-29,2025-04-01,3,True
EMP0165,Engineering,Sick,2024-05-11,2024-05-14,3,True
EMP0165,Engineering,Unpaid,2023-12-09,2023-12-13,4,True
EMP0165,Engineering,Annual,2025-04-26,2025-05-03,7,True
EMP0165,Engineering,Maternity/Paternity,2023-06-28,2023-07-05,7,True
EMP0166,Marketing,Maternity/Paternity,2026-02-03,2026-02-06,3,True
EMP0166,Marketing,Sick,2026-01-12,2026-01-13,1,True
EMP0166,Marketing,Unpaid,2025-02-25,2025-02-26,1,True
EMP0166,Marketing,Emergency,2025-10-11,2025-10-18,7,True
EMP0166,Marketing,Annual,2025-01-02,2025-01-08,6,True
EMP0166,Marketing,Sick,2025-07-13,2025-07-19,6,True
EMP0166,Marketing,Sick,2025-12-14,2025-12-20,6,True
EMP0167,Finance,Unpaid,2025-12-01,2025-12-04,3,True
EMP0167,Finance,Sick,2025-07-22,2025-07-24,2,True
EMP0167,Finance,Sick,2026-02-27,2026-03-06,7,True
EMP0167,Finance,Unpaid,2025-12-16,2025-12-20,4,True
EMP0168,Marketing,Emergency,2025-09-03,2025-09-05,2,True
EMP0168,Marketing,Annual,2025-09-14,2025-09-16,2,True
EMP0168,Marketing,Maternity/Paternity,2025-07-25,2025-07-29,4,False
EMP0169,Engineering,Annual,2025-10-22,2025-10-23,1,False
EMP0169,Engineering,Maternity/Paternity,2025-10-23,2025-10-24,1,True
EMP0169,Engineering,Maternity/Paternity,2025-10-08,2025-10-09,1,True
EMP0169,Engineering,Annual,2025-10-31,2025-11-02,2,False
EMP0169,Engineering,Annual,2025-10-08,2025-10-13,5,True
EMP0170,Finance,Maternity/Paternity,2025-06-27,2025-07-04,7,True
EMP0170,Finance,Sick,2025-07-28,2025-07-29,1,True
EMP0170,Finance,Unpaid,2025-02-22,2025-03-01,7,True
EMP0170,Finance,Sick,2025-07-28,2025-08-01,4,True
EMP0170,Finance,Sick,2025-03-02,2025-03-07,5,False
EMP0170,Finance,Sick,2025-04-10,2025-04-16,6,True
EMP0170,Finance,Sick,2025-06-14,2025-06-21,7,True
EMP0170,Finance,Emergency,2025-03-31,2025-04-02,2,True
EMP0170,Finance,Emergency,2025-03-24,2025-03-27,3,True
EMP0171,Finance,Maternity/Paternity,2025-06-15,2025-06-16,1,True
EMP0171,Finance,Maternity/Paternity,2025-10-15,2025-10-21,6,True
EMP0171,Finance,Maternity/Paternity,2025-11-15,2025-11-21,6,True
EMP0171,Finance,Annual,2025-09-11,2025-09-12,1,True
EMP0171,Finance,Sick,2025-05-29,2025-06-01,3,True
EMP0171,Finance,Emergency,2025-10-31,2025-11-05,5,True
EMP0171,Finance,Unpaid,2025-05-26,2025-05-27,1,True
EMP0171,Finance,Maternity/Paternity,2025-11-14,2025-11-17,3,True
EMP0172,Marketing,Emergency,2025-10-23,2025-10-24,1,True
EMP0172,Marketing,Maternity/Paternity,2024-09-19,2024-09-24,5,False
EMP0172,Marketing,Annual,2025-07-22,2025-07-24,2,True
EMP0173,Marketing,Unpaid,2025-10-30,2025-11-01,2,True
EMP0173,Marketing,Maternity/Paternity,2025-07-23,2025-07-25,2,True
EMP0173,Marketing,Unpaid,2026-02-10,2026-02-13,3,False
EMP0173,Marketing,Emergency,2025-09-22,2025-09-25,3,True
EMP0173,Marketing,Unpaid,2025-09-17,2025-09-22,5,True
EMP0174,HR,Maternity/Paternity,2025-02-10,2025-02-16,6,True
EMP0174,HR,Maternity/Paternity,2024-03-10,2024-03-15,5,True
EMP0174,HR,Sick,2024-03-05,2024-03-06,1,True
EMP0175,Marketing,Maternity/Paternity,2023-10-15,2023-10-17,2,True
EMP0175,Marketing,Maternity/Paternity,2024-06-11,2024-06-12,1,True
EMP0175,Marketing,Maternity/Paternity,2025-01-17,2025-01-22,5,True
EMP0175,Marketing,Sick,2023-05-17,2023-05-24,7,True
EMP0175,Marketing,Unpaid,2023-04-27,2023-04-29,2,True
EMP0175,Marketing,Emergency,2023-07-13,2023-07-19,6,True
EMP0175,Marketing,Emergency,2024-08-20,2024-08-26,6,True
EMP0175,Marketing,Emergency,2023-01-26,2023-01-31,5,True
EMP0176,Engineering,Maternity/Paternity,2025-03-30,2025-04-06,7,True
EMP0176,Engineering,Unpaid,2025-06-22,2025-06-23,1,True
EMP0177,Sales,Unpaid,2025-01-04,2025-01-08,4,True
EMP0177,Sales,Unpaid,2024-12-19,2024-12-26,7,True
EMP0177,Sales,Maternity/Paternity,2024-11-24,2024-11-28,4,True
EMP0177,Sales,Annual,2025-06-04,2025-06-09,5,True
EMP0177,Sales,Emergency,2024-10-16,2024-10-22,6,False
EMP0177,Sales,Emergency,2025-07-31,2025-08-06,6,True
EMP0177,Sales,Unpaid,2024-10-21,2024-10-28,7,True
EMP0177,Sales,Annual,2024-10-28,2024-11-03,6,True
EMP0177,Sales,Maternity/Paternity,2025-09-27,2025-09-28,1,True
EMP0177,Sales,Maternity/Paternity,2025-05-05,2025-05-12,7,True
EMP0177,Sales,Maternity/Paternity,2025-04-03,2025-04-05,2,True
EMP0178,Sales,Sick,2025-08-27,2025-09-03,7,True
EMP0178,Sales,Maternity/Paternity,2025-08-07,2025-08-14,7,True
EMP0179,Engineering,Annual,2023-07-07,2023-07-10,3,True
EMP0179,Engineering,Maternity/Paternity,2023-09-15,2023-09-19,4,False
EMP0179,Engineering,Emergency,2024-06-24,2024-06-27,3,True
EMP0179,Engineering,Maternity/Paternity,2023-05-26,2023-06-02,7,True
EMP0179,Engineering,Maternity/Paternity,2023-09-01,2023-09-05,4,True
EMP0180,Finance,Sick,2024-12-20,2024-12-24,4,True
EMP0180,Finance,Maternity/Paternity,2026-01-05,2026-01-07,2,True
EMP0180,Finance,Annual,2025-10-29,2025-11-03,5,True
EMP0180,Finance,Maternity/Paternity,2025-03-28,2025-03-29,1,True
EMP0180,Finance,Unpaid,2024-05-15,2024-05-21,6,True
EMP0180,Finance,Unpaid,2025-06-24,2025-06-28,4,True
EMP0180,Finance,Annual,2025-07-23,2025-07-24,1,True
EMP0180,Finance,Maternity/Paternity,2025-06-11,2025-06-15,4,True
EMP0180,Finance,Emergency,2025-11-12,2025-11-18,6,True
EMP0181,Operations,Annual,2025-07-21,2025-07-26,5,True
EMP0181,Operations,Maternity/Paternity,2025-03-21,2025-03-22,1,True
EMP0181,Operations,Maternity/Paternity,2025-06-14,2025-06-21,7,True
EMP0181,Operations,Unpaid,2025-10-12,2025-10-18,6,True
EMP0181,Operations,Maternity/Paternity,2025-10-31,2025-11-07,7,True
EMP0181,Operations,Sick,2025-07-26,2025-07-29,3,True
EMP0182,Marketing,Annual,2024-08-16,2024-08-23,7,True
EMP0182,Marketing,Maternity/Paternity,2023-04-09,2023-04-10,1,True
EMP0183,Finance,Maternity/Paternity,2024-09-13,2024-09-17,4,True
EMP0183,Finance,Emergency,2024-09-14,2024-09-20,6,True
EMP0184,Sales,Emergency,2025-08-22,2025-08-29,7,True
EMP0184,Sales,Maternity/Paternity,2025-09-19,2025-09-25,6,True
EMP0184,Sales,Sick,2024-11-23,2024-11-25,2,True
EMP0184,Sales,Annual,2024-12-06,2024-12-13,7,True
EMP0184,Sales,Annual,2025-01-14,2025-01-21,7,True
EMP0185,Finance,Sick,2024-04-22,2024-04-28,6,True
EMP0185,Finance,Emergency,2024-08-23,2024-08-30,7,True
EMP0185,Finance,Maternity/Paternity,2024-06-01,2024-06-08,7,True
EMP0185,Finance,Annual,2024-07-02,2024-07-03,1,True
EMP0185,Finance,Maternity/Paternity,2024-04-24,2024-04-30,6,False
EMP0185,Finance,Maternity/Paternity,2024-07-14,2024-07-15,1,True
EMP0186,Finance,Maternity/Paternity,2024-06-18,2024-06-23,5,True
EMP0186,Finance,Maternity/Paternity,2023-08-30,2023-08-31,1,False
EMP0186,Finance,Emergency,2026-01-06,2026-01-10,4,True
EMP0186,Finance,Annual,2025-03-11,2025-03-14,3,True
EMP0187,Marketing,Emergency,2025-08-20,2025-08-25,5,False
EMP0187,Marketing,Annual,2025-07-25,2025-07-27,2,True
EMP0187,Marketing,Unpaid,2025-05-19,2025-05-24,5,True
EMP0187,Marketing,Maternity/Paternity,2024-12-12,2024-12-18,6,False
EMP0187,Marketing,Emergency,2024-07-10,2024-07-14,4,False
EMP0187,Marketing,Maternity/Paternity,2025-03-03,2025-03-07,4,True
EMP0187,Marketing,Sick,2025-01-01,2025-01-07,6,True
EMP0187,Marketing,Emergency,2025-06-04,2025-06-06,2,True
EMP0188,Marketing,Maternity/Paternity,2023-08-11,2023-08-18,7,True
EMP0188,Marketing,Maternity/Paternity,2023-05-24,2023-05-30,6,False
EMP0188,Marketing,Unpaid,2023-08-29,2023-09-04,6,True
EMP0189,Sales,Annual,2025-03-23,2025-03-26,3,True
EMP0189,Sales,Sick,2025-01-02,2025-01-04,2,True
EMP0189,Sales,Maternity/Paternity,2026-01-08,2026-01-09,1,False
EMP0190,Finance,Sick,2025-04-16,2025-04-18,2,True
EMP0190,Finance,Unpaid,2024-11-21,2024-11-24,3,True
EMP0190,Finance,Emergency,2025-02-01,2025-02-03,2,True
EMP0190,Finance,Maternity/Paternity,2024-12-14,2024-12-17,3,True
EMP0190,Finance,Emergency,2025-03-08,2025-03-09,1,True
EMP0190,Finance,Unpaid,2025-03-24,2025-03-27,3,True
EMP0190,Finance,Unpaid,2025-12-11,2025-12-16,5,False
EMP0190,Finance,Emergency,2026-01-22,2026-01-28,6,True
EMP0191,HR,Maternity/Paternity,2024-02-16,2024-02-20,4,False
EMP0191,HR,Emergency,2024-04-18,2024-04-19,1,True
EMP0192,Sales,Emergency,2025-07-22,2025-07-23,1,True
EMP0192,Sales,Sick,2025-09-30,2025-10-01,1,False
EMP0193,Operations,Maternity/Paternity,2025-01-08,2025-01-14,6,True
EMP0193,Operations,Annual,2025-08-07,2025-08-13,6,True
EMP0193,Operations,Sick,2025-03-22,2025-03-25,3,True
EMP0194,Engineering,Annual,2025-08-01,2025-08-05,4,True
EMP0194,Engineering,Unpaid,2026-02-07,2026-02-11,4,True
EMP0194,Engineering,Unpaid,2025-03-17,2025-03-18,1,True
EMP0194,Engineering,Unpaid,2026-01-10,2026-01-14,4,True
EMP0195,Sales,Emergency,2025-01-04,2025-01-11,7,True
EMP0195,Sales,Maternity/Paternity,2025-03-23,2025-03-25,2,True
EMP0195,Sales,Emergency,2025-09-25,2025-09-29,4,True
EMP0195,Sales,Maternity/Paternity,2025-08-07,2025-08-08,1,True
EMP0196,Engineering,Emergency,2025-08-12,2025-08-19,7,False
EMP0197,HR,Maternity/Paternity,2024-11-09,2024-11-12,3,False
EMP0197,HR,Annual,2024-05-15,2024-05-19,4,True
EMP0198,Engineering,Sick,2026-01-15,2026-01-21,6,False
EMP0199,Marketing,Maternity/Paternity,2026-02-27,2026-03-02,3,True
EMP0200,HR,Unpaid,2025-10-04,2025-10-09,5,True
EMP0200,HR,Annual,2024-09-03,2024-09-06,3,True
EMP0200,HR,Sick,2025-04-10,2025-04-15,5,True
EMP0200,HR,Sick,2025-01-16,2025-01-22,6,False
EMP0200,HR,Emergency,2025-07-18,2025-07-25,7,True
EMP0200,HR,Maternity/Paternity,2025-10-01,2025-10-04,3,True
EMP0200,HR,Annual,2024-08-21,2024-08-22,1,True
EMP0200,HR,Sick,2024-11-20,2024-11-26,6,True
EMP0200,HR,Sick,2025-04-23,2025-04-26,3,True
EMP0200,HR,Emergency,2025-05-05,2025-05-08,3,True
EMP0200,HR,Annual,2025-07-29,2025-07-31,2,True
EMP0201,Engineering,Sick,2025-02-03,2025-02-06,3,True
EMP0201,Engineering,Maternity/Paternity,2024-11-21,2024-11-27,6,False
EMP0201,Engineering,Annual,2024-10-03,2024-10-09,6,True
EMP0201,Engineering,Emergency,2024-11-10,2024-11-16,6,True
EMP0201,Engineering,Annual,2024-09-17,2024-09-24,7,True
EMP0202,HR,Maternity/Paternity,2025-05-26,2025-05-27,1,True
EMP0202,HR,Emergency,2023-12-30,2024-01-06,7,True
EMP0202,HR,Emergency,2025-02-03,2025-02-09,6,True
EMP0202,HR,Unpaid,2023-12-28,2023-12-31,3,True
EMP0202,HR,Emergency,2025-07-14,2025-07-21,7,True
EMP0202,HR,Emergency,2025-05-03,2025-05-07,4,True
EMP0202,HR,Emergency,2023-08-18,2023-08-21,3,True
EMP0202,HR,Unpaid,2025-08-22,2025-08-29,7,True
EMP0202,HR,Maternity/Paternity,2023-09-30,2023-10-06,6,True
EMP0202,HR,Annual,2023-07-25,2023-07-26,1,True
EMP0203,Operations,Maternity/Paternity,2025-09-26,2025-09-28,2,True
EMP0203,Operations,Emergency,2025-11-16,2025-11-20,4,True
EMP0203,Operations,Unpaid,2025-07-05,2025-07-12,7,True
EMP0204,Marketing,Maternity/Paternity,2025-06-05,2025-06-09,4,True
EMP0204,Marketing,Sick,2025-05-22,2025-05-29,7,True
EMP0204,Marketing,Maternity/Paternity,2023-10-07,2023-10-11,4,True
EMP0204,Marketing,Emergency,2025-12-06,2025-12-13,7,True
EMP0204,Marketing,Maternity/Paternity,2024-03-30,2024-04-03,4,True
EMP0204,Marketing,Unpaid,2023-12-07,2023-12-12,5,False
EMP0204,Marketing,Maternity/Paternity,2023-09-20,2023-09-25,5,True
EMP0204,Marketing,Unpaid,2025-02-14,2025-02-19,5,True
EMP0204,Marketing,Unpaid,2023-11-29,2023-11-30,1,True
EMP0204,Marketing,Unpaid,2025-02-24,2025-02-27,3,True
EMP0204,Marketing,Emergency,2023-11-08,2023-11-10,2,True
EMP0205,Operations,Sick,2026-01-15,2026-01-18,3,True
EMP0205,Operations,Annual,2025-10-30,2025-11-03,4,True
EMP0205,Operations,Annual,2025-04-13,2025-04-14,1,True
EMP0205,Operations,Emergency,2025-08-06,2025-08-09,3,True
EMP0205,Operations,Maternity/Paternity,2025-04-07,2025-04-14,7,True
EMP0206,HR,Sick,2026-01-30,2026-02-01,2,True
EMP0206,HR,Maternity/Paternity,2025-12-23,2025-12-30,7,True
EMP0206,HR,Unpaid,2025-10-05,2025-10-12,7,True
EMP0206,HR,Emergency,2026-02-03,2026-02-09,6,True
EMP0206,HR,Unpaid,2025-10-26,2025-10-30,4,True
EMP0206,HR,Unpaid,2026-02-15,2026-02-19,4,True
EMP0207,Engineering,Unpaid,2024-09-20,2024-09-25,5,True
EMP0207,Engineering,Emergency,2024-12-30,2025-01-05,6,True
EMP0207,Engineering,Emergency,2024-10-19,2024-10-24,5,True
EMP0208,Marketing,Annual,2025-05-05,2025-05-06,1,True
EMP0208,Marketing,Annual,2025-06-04,2025-06-06,2,True
EMP0208,Marketing,Emergency,2024-07-05,2024-07-07,2,True
EMP0208,Marketing,Unpaid,2025-06-06,2025-06-11,5,True
EMP0208,Marketing,Annual,2024-01-23,2024-01-27,4,True
EMP0208,Marketing,Annual,2024-06-09,2024-06-13,4,True
EMP0208,Marketing,Unpaid,2024-10-27,2024-10-31,4,True
EMP0208,Marketing,Sick,2024-03-18,2024-03-23,5,True
EMP0209,Operations,Annual,2025-09-19,2025-09-26,7,True
EMP0209,Operations,Sick,2025-10-28,2025-11-03,6,True
EMP0210,Sales,Annual,2024-03-23,2024-03-24,1,True
EMP0210,Sales,Sick,2023-12-30,2024-01-02,3,True
EMP0210,Sales,Maternity/Paternity,2024-08-16,2024-08-19,3,False
EMP0210,Sales,Sick,2024-01-21,2024-01-22,1,True
EMP0210,Sales,Sick,2025-05-23,2025-05-28,5,True
EMP0210,Sales,Annual,2025-02-17,2025-02-21,4,True
EMP0211,Finance,Maternity/Paternity,2025-10-12,2025-10-17,5,True
EMP0211,Finance,Sick,2025-03-03,2025-03-07,4,False
EMP0211,Finance,Emergency,2025-02-26,2025-03-01,3,False
EMP0211,Finance,Sick,2026-01-28,2026-01-29,1,True
EMP0211,Finance,Sick,2026-01-16,2026-01-23,7,True
EMP0211,Finance,Annual,2025-09-13,2025-09-17,4,True
EMP0212,Marketing,Sick,2024-10-20,2024-10-27,7,True
EMP0212,Marketing,Sick,2024-09-14,2024-09-21,7,True
EMP0212,Marketing,Maternity/Paternity,2025-06-02,2025-06-07,5,True
EMP0212,Marketing,Emergency,2025-07-14,2025-07-21,7,True
EMP0212,Marketing,Annual,2024-09-13,2024-09-14,1,False
EMP0212,Marketing,Emergency,2025-08-01,2025-08-04,3,True
EMP0212,Marketing,Sick,2025-04-19,2025-04-22,3,True
EMP0212,Marketing,Annual,2025-08-30,2025-09-02,3,True
EMP0212,Marketing,Annual,2024-06-05,2024-06-08,3,True
EMP0213,HR,Emergency,2024-04-05,2024-04-11,6,False
EMP0213,HR,Emergency,2025-01-29,2025-01-31,2,True
EMP0214,HR,Unpaid,2025-11-25,2025-12-01,6,False
EMP0214,HR,Sick,2026-01-20,2026-01-23,3,True
EMP0214,HR,Sick,2025-11-14,2025-11-17,3,True
EMP0214,HR,Sick,2025-11-18,2025-11-19,1,True
EMP0214,HR,Maternity/Paternity,2025-06-04,2025-06-09,5,True
EMP0214,HR,Sick,2025-06-07,2025-06-13,6,True
EMP0215,Finance,Annual,2025-10-08,2025-10-13,5,True
EMP0215,Finance,Annual,2026-02-16,2026-02-22,6,True
EMP0215,Finance,Annual,2026-02-27,2026-03-03,4,True
EMP0215,Finance,Emergency,2025-09-29,2025-10-06,7,True
EMP0215,Finance,Annual,2025-06-19,2025-06-26,7,True
EMP0215,Finance,Maternity/Paternity,2025-09-26,2025-09-28,2,True
EMP0215,Finance,Unpaid,2025-03-31,2025-04-07,7,True
EMP0215,Finance,Annual,2025-09-20,2025-09-22,2,True
EMP0216,HR,Maternity/Paternity,2024-07-23,2024-07-25,2,False
EMP0216,HR,Maternity/Paternity,2024-06-06,2024-06-09,3,False
EMP0216,HR,Sick,2024-07-20,2024-07-21,1,False
EMP0217,Operations,Unpaid,2025-05-01,2025-05-02,1,True
EMP0217,Operations,Emergency,2025-11-17,2025-11-19,2,True
EMP0217,Operations,Emergency,2024-02-04,2024-02-05,1,True
EMP0217,Operations,Unpaid,2023-06-23,2023-06-25,2,False
EMP0217,Operations,Unpaid,2024-05-21,2024-05-26,5,True
EMP0217,Operations,Emergency,2023-03-29,2023-04-04,6,True
EMP0217,Operations,Maternity/Paternity,2025-08-27,2025-08-28,1,True
EMP0217,Operations,Unpaid,2023-05-27,2023-06-03,7,True
EMP0217,Operations,Annual,2025-05-23,2025-05-26,3,True
EMP0217,Operations,Unpaid,2025-09-22,2025-09-26,4,True
EMP0217,Operations,Sick,2023-05-10,2023-05-16,6,True
EMP0218,HR,Unpaid,2025-04-14,2025-04-18,4,True
EMP0218,HR,Annual,2024-05-03,2024-05-06,3,False
EMP0218,HR,Sick,2026-01-21,2026-01-22,1,False
EMP0218,HR,Sick,2024-12-23,2024-12-24,1,True
EMP0218,HR,Annual,2024-09-18,2024-09-21,3,True
EMP0218,HR,Maternity/Paternity,2024-01-24,2024-01-25,1,True
EMP0218,HR,Unpaid,2023-11-10,2023-11-15,5,True
EMP0219,Marketing,Sick,2023-10-15,2023-10-19,4,False
EMP0219,Marketing,Unpaid,2023-06-28,2023-07-05,7,True
EMP0219,Marketing,Emergency,2024-07-05,2024-07-06,1,True
EMP0219,Marketing,Maternity/Paternity,2023-09-20,2023-09-26,6,True
EMP0220,HR,Maternity/Paternity,2025-06-22,2025-06-23,1,True
EMP0220,HR,Sick,2025-06-24,2025-07-01,7,True
EMP0221,Engineering,Emergency,2023-07-20,2023-07-23,3,True
EMP0221,Engineering,Annual,2023-07-31,2023-08-01,1,True
EMP0221,Engineering,Maternity/Paternity,2024-03-21,2024-03-28,7,True
EMP0221,Engineering,Maternity/Paternity,2025-02-15,2025-02-22,7,True
EMP0221,Engineering,Emergency,2025-01-27,2025-02-03,7,True
EMP0221,Engineering,Maternity/Paternity,2024-06-21,2024-06-25,4,True
EMP0221,Engineering,Unpaid,2025-02-17,2025-02-18,1,True
EMP0221,Engineering,Annual,2025-04-15,2025-04-22,7,True
EMP0222,Sales,Annual,2026-01-15,2026-01-17,2,True
EMP0222,Sales,Annual,2026-01-17,2026-01-23,6,True
EMP0222,Sales,Sick,2025-10-06,2025-10-11,5,True
EMP0223,Marketing,Maternity/Paternity,2025-06-02,2025-06-06,4,True
EMP0223,Marketing,Sick,2025-09-02,2025-09-04,2,True
EMP0223,Marketing,Sick,2024-07-19,2024-07-20,1,True
EMP0223,Marketing,Unpaid,2025-08-24,2025-08-29,5,True
EMP0223,Marketing,Sick,2025-12-10,2025-12-17,7,True
EMP0224,Sales,Unpaid,2025-12-28,2025-12-31,3,True
EMP0224,Sales,Emergency,2025-02-27,2025-03-04,5,True
EMP0224,Sales,Sick,2025-05-08,2025-05-09,1,True
EMP0224,Sales,Annual,2025-12-06,2025-12-13,7,True
EMP0224,Sales,Sick,2025-06-03,2025-06-05,2,True
EMP0225,Engineering,Maternity/Paternity,2025-04-11,2025-04-17,6,True
EMP0225,Engineering,Unpaid,2025-05-16,2025-05-21,5,True
EMP0226,Operations,Emergency,2026-02-26,2026-03-01,3,True
EMP0226,Operations,Annual,2024-05-17,2024-05-19,2,True
EMP0226,Operations,Maternity/Paternity,2025-09-01,2025-09-02,1,True
EMP0226,Operations,Sick,2023-06-19,2023-06-25,6,True
EMP0226,Operations,Sick,2024-10-05,2024-10-10,5,True
EMP0226,Operations,Unpaid,2025-07-07,2025-07-14,7,True
EMP0226,Operations,Maternity/Paternity,2024-07-04,2024-07-06,2,True
EMP0226,Operations,Annual,2023-06-22,2023-06-25,3,True
EMP0226,Operations,Annual,2023-07-16,2023-07-21,5,True
EMP0226,Operations,Emergency,2024-09-08,2024-09-10,2,False
EMP0227,Engineering,Sick,2024-12-15,2024-12-16,1,True
EMP0227,Engineering,Unpaid,2025-02-20,2025-02-22,2,True
EMP0227,Engineering,Emergency,2025-05-15,2025-05-22,7,True
EMP0227,Engineering,Sick,2025-03-03,2025-03-04,1,True
EMP0227,Engineering,Sick,2025-01-13,2025-01-14,1,True
EMP0227,Engineering,Unpaid,2025-12-31,2026-01-01,1,False
EMP0228,Marketing,Unpaid,2024-12-07,2024-12-09,2,True
EMP0228,Marketing,Emergency,2025-07-04,2025-07-06,2,False
EMP0228,Marketing,Annual,2025-05-27,2025-05-31,4,True
EMP0228,Marketing,Sick,2026-02-16,2026-02-18,2,True
EMP0228,Marketing,Unpaid,2024-09-18,2024-09-24,6,True
EMP0229,HR,Emergency,2025-04-14,2025-04-15,1,True
EMP0229,HR,Sick,2026-02-06,2026-02-09,3,True
EMP0229,HR,Unpaid,2024-09-30,2024-10-06,6,True
EMP0229,HR,Maternity/Paternity,2026-01-09,2026-01-14,5,True
EMP0229,HR,Maternity/Paternity,2024-10-29,2024-11-05,7,True
EMP0229,HR,Emergency,2024-10-12,2024-10-14,2,True
EMP0229,HR,Maternity/Paternity,2026-01-10,2026-01-13,3,True
EMP0230,Finance,Unpaid,2025-01-27,2025-02-02,6,True
EMP0230,Finance,Maternity/Paternity,2025-07-11,2025-07-17,6,True
EMP0230,Finance,Emergency,2025-10-20,2025-10-24,4,True
EMP0231,HR,Maternity/Paternity,2024-12-17,2024-12-19,2,True
EMP0231,HR,Unpaid,2025-06-16,2025-06-18,2,True
EMP0231,HR,Sick,2025-05-28,2025-06-02,5,False
EMP0231,HR,Emergency,2025-05-25,2025-05-28,3,True
EMP0232,HR,Emergency,2024-04-11,2024-04-15,4,True
EMP0232,HR,Maternity/Paternity,2025-01-31,2025-02-01,1,True
EMP0233,Finance,Maternity/Paternity,2025-10-03,2025-10-07,4,True
EMP0233,Finance,Maternity/Paternity,2025-09-26,2025-10-03,7,True
EMP0234,Finance,Maternity/Paternity,2024-02-13,2024-02-15,2,True
EMP0234,Finance,Unpaid,2025-11-09,2025-11-10,1,False
EMP0234,Finance,Emergency,2024-11-15,2024-11-22,7,True
EMP0234,Finance,Unpaid,2025-11-08,2025-11-09,1,False
EMP0234,Finance,Annual,2024-04-28,2024-04-29,1,True
EMP0234,Finance,Unpaid,2025-07-31,2025-08-02,2,True
EMP0234,Finance,Unpaid,2024-12-21,2024-12-24,3,True
EMP0235,Sales,Emergency,2024-07-28,2024-07-30,2,False
EMP0235,Sales,Emergency,2025-11-29,2025-12-05,6,False
EMP0235,Sales,Unpaid,2023-10-29,2023-11-05,7,True
EMP0235,Sales,Maternity/Paternity,2024-10-09,2024-10-16,7,False
EMP0235,Sales,Annual,2026-02-08,2026-02-13,5,True
EMP0235,Sales,Sick,2025-03-28,2025-04-04,7,True
EMP0235,Sales,Sick,2024-06-10,2024-06-12,2,True
EMP0235,Sales,Emergency,2025-04-01,2025-04-06,5,True
EMP0235,Sales,Maternity/Paternity,2025-10-29,2025-11-05,7,True
EMP0235,Sales,Sick,2024-01-16,2024-01-19,3,True
EMP0235,Sales,Sick,2025-10-04,2025-10-08,4,True
EMP0236,Marketing,Emergency,2024-12-26,2024-12-28,2,True
EMP0237,Operations,Unpaid,2024-09-24,2024-09-28,4,True
EMP0237,Operations,Maternity/Paternity,2025-11-18,2025-11-22,4,True
EMP0237,Operations,Emergency,2025-07-18,2025-07-21,3,True
EMP0237,Operations,Sick,2024-10-17,2024-10-19,2,False
EMP0237,Operations,Emergency,2025-08-19,2025-08-24,5,False
EMP0238,Sales,Sick,2024-03-24,2024-03-28,4,False
EMP0238,Sales,Maternity/Paternity,2023-04-24,2023-04-29,5,True
EMP0238,Sales,Emergency,2023-06-09,2023-06-12,3,False
EMP0238,Sales,Annual,2024-12-03,2024-12-06,3,True
EMP0238,Sales,Sick,2025-01-09,2025-01-14,5,True
EMP0238,Sales,Maternity/Paternity,2025-01-23,2025-01-28,5,True
EMP0238,Sales,Maternity/Paternity,2023-09-09,2023-09-10,1,True
EMP0238,Sales,Emergency,2023-10-14,2023-10-17,3,True
EMP0238,Sales,Emergency,2023-04-17,2023-04-20,3,True
EMP0238,Sales,Maternity/Paternity,2024-01-18,2024-01-25,7,True
EMP0239,Finance,Maternity/Paternity,2023-10-08,2023-10-13,5,True
EMP0239,Finance,Sick,2023-06-06,2023-06-10,4,True
EMP0240,HR,Maternity/Paternity,2025-08-04,2025-08-08,4,True
EMP0240,HR,Sick,2025-08-04,2025-08-09,5,True
EMP0240,HR,Sick,2026-01-03,2026-01-06,3,True
EMP0240,HR,Annual,2025-02-14,2025-02-18,4,True
EMP0241,Marketing,Unpaid,2025-02-27,2025-03-04,5,False
EMP0241,Marketing,Maternity/Paternity,2025-11-04,2025-11-08,4,True
EMP0241,Marketing,Maternity/Paternity,2024-09-21,2024-09-24,3,True
EMP0241,Marketing,Emergency,2025-04-20,2025-04-24,4,True
EMP0241,Marketing,Sick,2024-12-16,2024-12-20,4,True
EMP0241,Marketing,Maternity/Paternity,2025-09-05,2025-09-09,4,False
EMP0241,Marketing,Emergency,2024-12-24,2024-12-30,6,True
EMP0241,Marketing,Sick,2024-08-03,2024-08-05,2,True
EMP0241,Marketing,Annual,2025-12-22,2025-12-25,3,True
EMP0241,Marketing,Maternity/Paternity,2025-01-28,2025-02-01,4,False
EMP0242,Finance,Annual,2023-10-20,2023-10-23,3,True
EMP0242,Finance,Unpaid,2025-12-13,2025-12-20,7,True
EMP0242,Finance,Sick,2024-01-17,2024-01-20,3,True
EMP0242,Finance,Annual,2025-09-17,2025-09-18,1,True
EMP0242,Finance,Unpaid,2025-09-16,2025-09-20,4,True
EMP0242,Finance,Annual,2024-03-18,2024-03-22,4,True
EMP0242,Finance,Sick,2023-10-06,2023-10-12,6,True
EMP0242,Finance,Maternity/Paternity,2025-09-21,2025-09-25,4,True
EMP0242,Finance,Maternity/Paternity,2024-06-24,2024-06-30,6,True
EMP0243,HR,Annual,2024-06-02,2024-06-04,2,True
EMP0243,HR,Annual,2024-06-18,2024-06-21,3,True
EMP0243,HR,Annual,2025-01-23,2025-01-25,2,True
EMP0243,HR,Unpaid,2023-12-31,2024-01-06,6,True
EMP0243,HR,Sick,2024-12-20,2024-12-22,2,True
EMP0244,Sales,Maternity/Paternity,2025-04-11,2025-04-13,2,True
EMP0244,Sales,Emergency,2025-06-03,2025-06-10,7,True
EMP0244,Sales,Annual,2025-07-14,2025-07-20,6,True
EMP0244,Sales,Annual,2024-12-17,2024-12-21,4,True
EMP0244,Sales,Maternity/Paternity,2024-08-06,2024-08-13,7,True
EMP0244,Sales,Sick,2024-11-17,2024-11-20,3,True
EMP0244,Sales,Annual,2024-07-21,2024-07-25,4,False
EMP0244,Sales,Sick,2025-01-01,2025-01-08,7,True
EMP0244,Sales,Annual,2024-08-14,2024-08-16,2,True
EMP0244,Sales,Sick,2025-06-18,2025-06-20,2,True
EMP0244,Sales,Unpaid,2025-04-01,2025-04-02,1,True
EMP0245,Marketing,Sick,2023-11-29,2023-12-04,5,False
EMP0245,Marketing,Annual,2024-06-26,2024-06-30,4,True
EMP0245,Marketing,Unpaid,2023-09-04,2023-09-07,3,True
EMP0245,Marketing,Unpaid,2024-07-03,2024-07-09,6,True
EMP0245,Marketing,Sick,2023-12-22,2023-12-26,4,True
EMP0245,Marketing,Emergency,2025-08-30,2025-09-02,3,True
EMP0245,Marketing,Maternity/Paternity,2023-07-26,2023-07-28,2,True
EMP0245,Marketing,Annual,2025-01-21,2025-01-25,4,True
EMP0245,Marketing,Emergency,2025-08-06,2025-08-13,7,True
EMP0245,Marketing,Unpaid,2023-08-24,2023-08-29,5,False
EMP0245,Marketing,Sick,2025-05-01,2025-05-05,4,True
EMP0246,Engineering,Unpaid,2025-10-27,2025-10-28,1,True
EMP0246,Engineering,Maternity/Paternity,2025-11-22,2025-11-26,4,True
EMP0246,Engineering,Emergency,2025-08-24,2025-08-29,5,True
EMP0247,HR,Emergency,2025-02-20,2025-02-21,1,True
EMP0248,HR,Maternity/Paternity,2024-11-23,2024-11-25,2,True
EMP0248,HR,Annual,2025-10-07,2025-10-08,1,True
EMP0249,Finance,Sick,2024-05-09,2024-05-11,2,True
EMP0249,Finance,Sick,2025-04-28,2025-04-29,1,False
EMP0249,Finance,Unpaid,2025-03-14,2025-03-18,4,True
EMP0249,Finance,Annual,2024-05-31,2024-06-06,6,True
EMP0249,Finance,Unpaid,2024-09-07,2024-09-13,6,True
EMP0249,Finance,Unpaid,2024-03-01,2024-03-08,7,True
EMP0249,Finance,Annual,2024-02-06,2024-02-11,5,False
EMP0249,Finance,Sick,2025-05-21,2025-05-23,2,True
EMP0250,Engineering,Sick,2026-02-21,2026-02-24,3,True
EMP0250,Engineering,Maternity/Paternity,2023-04-03,2023-04-04,1,True
EMP0250,Engineering,Sick,2024-04-19,2024-04-20,1,False
EMP0250,Engineering,Sick,2023-12-04,2023-12-05,1,True
EMP0250,Engineering,Emergency,2024-05-13,2024-05-15,2,True
EMP0250,Engineering,Sick,2025-11-02,2025-11-05,3,True
EMP0250,Engineering,Sick,2024-08-04,2024-08-08,4,True
EMP0251,HR,Maternity/Paternity,2024-09-19,2024-09-24,5,False
EMP0251,HR,Maternity/Paternity,2024-06-25,2024-06-28,3,True
EMP0251,HR,Maternity/Paternity,2024-12-04,2024-12-08,4,True
EMP0251,HR,Emergency,2025-02-25,2025-03-01,4,True
EMP0251,HR,Sick,2025-02-17,2025-02-24,7,True
EMP0252,Sales,Maternity/Paternity,2024-01-15,2024-01-22,7,True
EMP0252,Sales,Unpaid,2024-03-20,2024-03-27,7,True
EMP0252,Sales,Sick,2024-05-30,2024-06-04,5,True
EMP0252,Sales,Maternity/Paternity,2025-04-13,2025-04-16,3,True
EMP0252,Sales,Maternity/Paternity,2025-07-23,2025-07-28,5,True
EMP0252,Sales,Maternity/Paternity,2024-05-13,2024-05-19,6,True
EMP0252,Sales,Annual,2024-07-07,2024-07-08,1,True
EMP0252,Sales,Unpaid,2026-01-11,2026-01-17,6,True
EMP0253,HR,Unpaid,2025-10-09,2025-10-15,6,True
EMP0253,HR,Emergency,2025-08-25,2025-08-31,6,True
EMP0253,HR,Maternity/Paternity,2025-04-09,2025-04-10,1,False
EMP0253,HR,Maternity/Paternity,2025-06-12,2025-06-14,2,False
EMP0253,HR,Maternity/Paternity,2025-09-15,2025-09-20,5,True
EMP0253,HR,Annual,2025-09-25,2025-10-01,6,True
EMP0253,HR,Sick,2025-10-24,2025-10-30,6,True
EMP0254,HR,Annual,2025-08-10,2025-08-16,6,True
EMP0255,Engineering,Emergency,2024-01-28,2024-01-31,3,True
EMP0255,Engineering,Unpaid,2025-07-27,2025-07-29,2,True
EMP0255,Engineering,Sick,2025-04-13,2025-04-19,6,True
EMP0255,Engineering,Maternity/Paternity,2025-10-27,2025-10-28,1,True
EMP0255,Engineering,Emergency,2025-04-21,2025-04-22,1,False
EMP0255,Engineering,Sick,2026-02-12,2026-02-16,4,True
EMP0255,Engineering,Unpaid,2024-05-14,2024-05-20,6,True
EMP0255,Engineering,Maternity/Paternity,2025-02-25,2025-03-03,6,True
EMP0255,Engineering,Annual,2025-09-19,2025-09-23,4,True
EMP0255,Engineering,Unpaid,2025-04-07,2025-04-14,7,True
EMP0255,Engineering,Sick,2024-05-31,2024-06-06,6,False
EMP0256,Operations,Annual,2025-05-22,2025-05-25,3,False
EMP0256,Operations,Annual,2025-09-19,2025-09-23,4,True
EMP0256,Operations,Maternity/Paternity,2025-08-07,2025-08-13,6,True
EMP0256,Operations,Maternity/Paternity,2025-04-07,2025-04-10,3,True
EMP0256,Operations,Sick,2024-06-24,2024-06-26,2,True
EMP0256,Operations,Annual,2023-12-10,2023-12-15,5,True
EMP0256,Operations,Sick,2025-09-17,2025-09-19,2,True
EMP0257,Engineering,Sick,2024-12-30,2025-01-06,7,True
EMP0257,Engineering,Emergency,2025-08-18,2025-08-22,4,True
EMP0257,Engineering,Unpaid,2024-12-13,2024-12-14,1,True
EMP0257,Engineering,Annual,2024-10-31,2024-11-03,3,True
EMP0257,Engineering,Maternity/Paternity,2026-02-15,2026-02-17,2,True
EMP0257,Engineering,Annual,2024-10-07,2024-10-08,1,True
EMP0257,Engineering,Emergency,2024-07-03,2024-07-09,6,True
EMP0257,Engineering,Sick,2024-08-07,2024-08-08,1,True
EMP0257,Engineering,Emergency,2024-07-03,2024-07-07,4,True
EMP0257,Engineering,Maternity/Paternity,2025-03-25,2025-03-29,4,True
EMP0257,Engineering,Unpaid,2025-09-08,2025-09-11,3,True
EMP0257,Engineering,Sick,2025-06-12,2025-06-15,3,False
EMP0258,Sales,Emergency,2025-04-22,2025-04-26,4,True
EMP0258,Sales,Unpaid,2025-01-25,2025-02-01,7,True
EMP0258,Sales,Maternity/Paternity,2023-02-02,2023-02-06,4,True
EMP0258,Sales,Emergency,2023-11-07,2023-11-08,1,True
EMP0258,Sales,Sick,2026-01-17,2026-01-20,3,True
EMP0258,Sales,Maternity/Paternity,2025-09-26,2025-10-01,5,True
EMP0258,Sales,Unpaid,2023-02-02,2023-02-08,6,True
EMP0258,Sales,Annual,2025-02-02,2025-02-09,7,False
EMP0258,Sales,Maternity/Paternity,2024-11-23,2024-11-29,6,True
EMP0258,Sales,Emergency,2025-10-15,2025-10-19,4,True
EMP0258,Sales,Maternity/Paternity,2025-01-09,2025-01-13,4,False
EMP0259,Operations,Emergency,2025-09-17,2025-09-20,3,True
EMP0259,Operations,Emergency,2025-05-16,2025-05-23,7,True
EMP0260,Sales,Annual,2025-06-24,2025-06-28,4,True
EMP0261,Marketing,Maternity/Paternity,2025-10-19,2025-10-21,2,False
EMP0261,Marketing,Emergency,2025-11-19,2025-11-25,6,True
EMP0261,Marketing,Annual,2024-05-14,2024-05-16,2,True
EMP0261,Marketing,Unpaid,2023-05-06,2023-05-08,2,False
EMP0261,Marketing,Unpaid,2024-10-02,2024-10-04,2,True
EMP0261,Marketing,Sick,2023-11-15,2023-11-21,6,False
EMP0261,Marketing,Unpaid,2025-12-09,2025-12-10,1,True
EMP0261,Marketing,Unpaid,2023-07-18,2023-07-24,6,True
EMP0261,Marketing,Emergency,2025-04-27,2025-05-03,6,False
EMP0261,Marketing,Sick,2025-08-18,2025-08-25,7,True
EMP0261,Marketing,Annual,2023-10-30,2023-11-02,3,True
EMP0262,Marketing,Sick,2026-01-01,2026-01-06,5,True
EMP0262,Marketing,Unpaid,2025-02-15,2025-02-20,5,True
EMP0262,Marketing,Emergency,2025-05-27,2025-05-31,4,True
EMP0262,Marketing,Emergency,2025-05-26,2025-05-27,1,True
EMP0262,Marketing,Maternity/Paternity,2026-02-24,2026-02-28,4,True
EMP0262,Marketing,Sick,2025-06-22,2025-06-29,7,True
EMP0263,Engineering,Annual,2025-05-15,2025-05-19,4,True
EMP0263,Engineering,Sick,2025-11-12,2025-11-15,3,True
EMP0263,Engineering,Sick,2025-08-20,2025-08-27,7,True
EMP0263,Engineering,Emergency,2025-11-10,2025-11-12,2,True
EMP0264,Finance,Unpaid,2024-08-22,2024-08-27,5,True
EMP0264,Finance,Emergency,2024-11-21,2024-11-24,3,True
EMP0264,Finance,Unpaid,2025-02-23,2025-02-27,4,True
EMP0264,Finance,Unpaid,2025-08-07,2025-08-08,1,True
EMP0264,Finance,Sick,2025-02-18,2025-02-25,7,True
EMP0264,Finance,Sick,2024-09-09,2024-09-16,7,True
EMP0264,Finance,Sick,2025-08-23,2025-08-26,3,False
EMP0264,Finance,Maternity/Paternity,2025-08-23,2025-08-26,3,True
EMP0264,Finance,Maternity/Paternity,2025-07-09,2025-07-16,7,True
EMP0264,Finance,Unpaid,2026-01-09,2026-01-15,6,True
EMP0264,Finance,Emergency,2025-02-02,2025-02-08,6,True
EMP0264,Finance,Emergency,2024-11-29,2024-12-02,3,True
EMP0265,Marketing,Sick,2025-04-29,2025-05-03,4,True
EMP0266,Sales,Sick,2025-06-23,2025-06-26,3,True
EMP0266,Sales,Annual,2025-01-27,2025-02-02,6,True
EMP0266,Sales,Sick,2025-08-09,2025-08-10,1,True
EMP0266,Sales,Sick,2025-05-25,2025-05-31,6,False
EMP0266,Sales,Maternity/Paternity,2024-12-07,2024-12-10,3,True
EMP0266,Sales,Emergency,2024-11-14,2024-11-15,1,True
EMP0266,Sales,Sick,2025-08-18,2025-08-22,4,True
EMP0266,Sales,Annual,2025-05-13,2025-05-15,2,True
EMP0267,Operations,Emergency,2024-11-17,2024-11-20,3,False
EMP0267,Operations,Maternity/Paternity,2025-05-04,2025-05-10,6,True
EMP0267,Operations,Annual,2025-09-27,2025-10-03,6,True
EMP0267,Operations,Maternity/Paternity,2025-12-07,2025-12-14,7,True
EMP0267,Operations,Unpaid,2025-05-04,2025-05-08,4,True
EMP0267,Operations,Annual,2023-11-02,2023-11-03,1,True
EMP0267,Operations,Sick,2025-05-20,2025-05-25,5,True
EMP0268,Engineering,Unpaid,2024-08-27,2024-08-31,4,True
EMP0268,Engineering,Emergency,2023-12-26,2024-01-02,7,True
EMP0268,Engineering,Maternity/Paternity,2024-07-12,2024-07-18,6,True
EMP0268,Engineering,Unpaid,2024-01-11,2024-01-12,1,True
EMP0268,Engineering,Sick,2024-12-19,2024-12-24,5,True
EMP0268,Engineering,Maternity/Paternity,2024-10-31,2024-11-01,1,True
EMP0268,Engineering,Emergency,2024-08-08,2024-08-15,7,True
EMP0268,Engineering,Emergency,2024-07-30,2024-08-06,7,True
EMP0268,Engineering,Annual,2024-12-16,2024-12-22,6,True
EMP0268,Engineering,Annual,2024-02-22,2024-02-28,6,True
EMP0269,Engineering,Annual,2025-10-02,2025-10-04,2,True
EMP0269,Engineering,Annual,2025-11-25,2025-11-28,3,True
EMP0269,Engineering,Sick,2025-08-02,2025-08-04,2,True
EMP0269,Engineering,Annual,2025-02-20,2025-02-27,7,True
EMP0269,Engineering,Unpaid,2024-12-14,2024-12-19,5,True
EMP0269,Engineering,Maternity/Paternity,2025-07-17,2025-07-19,2,False
EMP0269,Engineering,Sick,2025-09-13,2025-09-14,1,True
EMP0269,Engineering,Unpaid,2026-02-08,2026-02-13,5,True
EMP0269,Engineering,Emergency,2025-05-27,2025-05-29,2,True
EMP0269,Engineering,Unpaid,2025-03-21,2025-03-26,5,True
EMP0270,Operations,Annual,2024-12-29,2025-01-04,6,True
EMP0270,Operations,Annual,2024-07-13,2024-07-15,2,True
EMP0270,Operations,Sick,2025-03-31,2025-04-07,7,False
EMP0270,Operations,Sick,2026-02-04,2026-02-09,5,True
EMP0270,Operations,Emergency,2025-03-09,2025-03-11,2,True
EMP0270,Operations,Unpaid,2025-12-13,2025-12-16,3,True
EMP0270,Operations,Maternity/Paternity,2024-11-12,2024-11-16,4,True
EMP0270,Operations,Maternity/Paternity,2025-02-13,2025-02-19,6,False
EMP0270,Operations,Sick,2024-10-22,2024-10-27,5,True
EMP0271,Sales,Sick,2025-05-24,2025-05-30,6,True
EMP0271,Sales,Emergency,2025-10-22,2025-10-28,6,True
EMP0271,Sales,Sick,2025-08-09,2025-08-16,7,True
EMP0271,Sales,Maternity/Paternity,2026-02-14,2026-02-18,4,True
EMP0271,Sales,Annual,2025-11-12,2025-11-14,2,True
EMP0271,Sales,Emergency,2025-10-06,2025-10-07,1,True
EMP0271,Sales,Annual,2025-06-24,2025-06-30,6,True
EMP0271,Sales,Unpaid,2025-06-26,2025-07-03,7,True
EMP0271,Sales,Unpaid,2026-02-19,2026-02-21,2,True
EMP0271,Sales,Maternity/Paternity,2025-07-19,2025-07-21,2,False
EMP0271,Sales,Sick,2026-02-11,2026-02-12,1,True
EMP0271,Sales,Maternity/Paternity,2025-06-12,2025-06-17,5,True
EMP0272,Engineering,Unpaid,2026-02-24,2026-03-01,5,True
EMP0272,Engineering,Annual,2026-01-31,2026-02-01,1,True
EMP0272,Engineering,Unpaid,2025-12-06,2025-12-08,2,True
EMP0273,Operations,Emergency,2025-11-23,2025-11-28,5,True
EMP0273,Operations,Emergency,2025-05-10,2025-05-14,4,True
EMP0273,Operations,Emergency,2024-10-20,2024-10-26,6,True
EMP0273,Operations,Sick,2025-09-17,2025-09-19,2,True
EMP0273,Operations,Annual,2025-10-27,2025-10-30,3,False
EMP0273,Operations,Sick,2025-09-08,2025-09-11,3,True
EMP0273,Operations,Maternity/Paternity,2025-05-18,2025-05-24,6,True
EMP0273,Operations,Maternity/Paternity,2025-04-15,2025-04-22,7,True
EMP0273,Operations,Emergency,2025-03-06,2025-03-10,4,False
EMP0273,Operations,Annual,2025-02-10,2025-02-13,3,False
EMP0273,Operations,Unpaid,2025-05-12,2025-05-19,7,True
EMP0274,Finance,Sick,2025-05-15,2025-05-21,6,False
EMP0274,Finance,Annual,2025-06-29,2025-07-04,5,True
EMP0275,Marketing,Annual,2025-10-14,2025-10-18,4,False
EMP0275,Marketing,Emergency,2025-06-03,2025-06-09,6,False
EMP0275,Marketing,Maternity/Paternity,2024-08-12,2024-08-16,4,True
EMP0275,Marketing,Annual,2026-02-17,2026-02-22,5,True
EMP0275,Marketing,Annual,2025-12-17,2025-12-19,2,True
EMP0276,Operations,Emergency,2025-11-24,2025-11-26,2,True
EMP0276,Operations,Maternity/Paternity,2025-06-22,2025-06-27,5,False
EMP0276,Operations,Sick,2026-02-24,2026-02-26,2,True
EMP0276,Operations,Unpaid,2025-08-08,2025-08-13,5,False
EMP0276,Operations,Maternity/Paternity,2026-01-03,2026-01-07,4,True
EMP0276,Operations,Sick,2025-07-28,2025-07-31,3,True
EMP0276,Operations,Unpaid,2025-07-31,2025-08-03,3,True
EMP0276,Operations,Annual,2025-10-14,2025-10-16,2,True
EMP0276,Operations,Unpaid,2025-12-19,2025-12-21,2,False
EMP0277,HR,Emergency,2023-06-30,2023-07-04,4,True
EMP0277,HR,Annual,2023-08-14,2023-08-17,3,True
EMP0277,HR,Unpaid,2025-02-19,2025-02-22,3,True
EMP0277,HR,Sick,2025-04-04,2025-04-10,6,True
EMP0277,HR,Maternity/Paternity,2023-05-07,2023-05-08,1,True
EMP0277,HR,Emergency,2023-10-09,2023-10-14,5,False
EMP0277,HR,Maternity/Paternity,2025-08-07,2025-08-08,1,True
EMP0277,HR,Maternity/Paternity,2024-09-12,2024-09-14,2,True
EMP0277,HR,Maternity/Paternity,2024-12-21,2024-12-24,3,False
EMP0277,HR,Maternity/Paternity,2024-10-21,2024-10-22,1,True
EMP0277,HR,Sick,2025-10-04,2025-10-06,2,True
EMP0278,Finance,Sick,2023-04-12,2023-04-15,3,True
EMP0278,Finance,Sick,2023-09-02,2023-09-03,1,True
EMP0278,Finance,Annual,2024-04-24,2024-04-27,3,True
EMP0278,Finance,Unpaid,2023-07-20,2023-07-24,4,True
EMP0278,Finance,Maternity/Paternity,2023-12-16,2023-12-21,5,True
EMP0278,Finance,Unpaid,2024-04-09,2024-04-11,2,True
EMP0278,Finance,Emergency,2024-05-13,2024-05-17,4,True
EMP0279,HR,Annual,2025-07-26,2025-07-28,2,False
EMP0279,HR,Sick,2026-02-17,2026-02-18,1,True
EMP0279,HR,Sick,2025-09-21,2025-09-22,1,True
EMP0279,HR,Emergency,2025-07-02,2025-07-06,4,True
EMP0279,HR,Unpaid,2025-08-18,2025-08-22,4,True
EMP0279,HR,Maternity/Paternity,2025-02-19,2025-02-26,7,True
EMP0279,HR,Emergency,2025-03-27,2025-04-02,6,True
EMP0279,HR,Annual,2025-05-31,2025-06-07,7,True
EMP0279,HR,Maternity/Paternity,2026-01-01,2026-01-03,2,True
EMP0279,HR,Annual,2026-01-04,2026-01-11,7,True
EMP0279,HR,Sick,2025-09-22,2025-09-27,5,True
EMP0279,HR,Sick,2025-11-06,2025-11-12,6,True
EMP0280,Finance,Unpaid,2024-12-15,2024-12-16,1,False
EMP0280,Finance,Maternity/Paternity,2025-09-11,2025-09-13,2,True
EMP0280,Finance,Annual,2024-09-03,2024-09-04,1,True
EMP0281,Operations,Sick,2024-11-09,2024-11-15,6,True
EMP0281,Operations,Annual,2025-07-12,2025-07-16,4,True
EMP0281,Operations,Annual,2023-06-06,2023-06-09,3,True
EMP0281,Operations,Maternity/Paternity,2024-09-17,2024-09-20,3,True
EMP0281,Operations,Annual,2023-05-29,2023-05-31,2,True
EMP0281,Operations,Unpaid,2024-12-10,2024-12-12,2,True
EMP0281,Operations,Sick,2023-09-15,2023-09-19,4,True
EMP0281,Operations,Unpaid,2025-11-23,2025-11-26,3,True
EMP0281,Operations,Annual,2023-09-07,2023-09-13,6,True
EMP0282,HR,Unpaid,2025-06-28,2025-07-01,3,True
EMP0282,HR,Emergency,2025-07-31,2025-08-05,5,True
EMP0283,HR,Emergency,2024-09-09,2024-09-11,2,True
EMP0283,HR,Emergency,2023-09-27,2023-09-29,2,True
EMP0283,HR,Maternity/Paternity,2024-03-18,2024-03-20,2,False
EMP0283,HR,Emergency,2023-07-25,2023-07-30,5,True
EMP0283,HR,Sick,2025-10-20,2025-10-27,7,True
EMP0283,HR,Sick,2024-01-02,2024-01-03,1,True
EMP0283,HR,Emergency,2024-07-23,2024-07-30,7,False
EMP0283,HR,Annual,2025-03-12,2025-03-16,4,False
EMP0283,HR,Maternity/Paternity,2023-07-10,2023-07-14,4,True
EMP0283,HR,Annual,2025-12-19,2025-12-26,7,True
EMP0283,HR,Sick,2024-09-05,2024-09-11,6,True
EMP0284,Engineering,Sick,2024-06-07,2024-06-14,7,True
EMP0284,Engineering,Emergency,2025-05-18,2025-05-22,4,True
EMP0284,Engineering,Maternity/Paternity,2024-06-21,2024-06-23,2,True
EMP0284,Engineering,Maternity/Paternity,2025-05-04,2025-05-09,5,True
EMP0284,Engineering,Sick,2025-01-09,2025-01-11,2,True
EMP0284,Engineering,Emergency,2025-11-12,2025-11-14,2,True
EMP0284,Engineering,Emergency,2025-09-13,2025-09-17,4,True
EMP0284,Engineering,Unpaid,2025-09-25,2025-09-28,3,True
EMP0284,Engineering,Unpaid,2025-02-03,2025-02-09,6,True
EMP0284,Engineering,Annual,2024-09-28,2024-09-30,2,True
EMP0285,Sales,Sick,2024-03-19,2024-03-25,6,False
EMP0285,Sales,Unpaid,2024-11-18,2024-11-20,2,True
EMP0285,Sales,Sick,2024-03-31,2024-04-06,6,False
EMP0285,Sales,Annual,2024-09-10,2024-09-15,5,True
EMP0285,Sales,Emergency,2025-01-28,2025-02-03,6,False
EMP0286,Sales,Emergency,2024-08-29,2024-09-04,6,True
EMP0286,Sales,Emergency,2024-10-19,2024-10-23,4,True
EMP0286,Sales,Annual,2024-08-02,2024-08-08,6,True
EMP0286,Sales,Unpaid,2025-01-15,2025-01-21,6,True
EMP0286,Sales,Emergency,2024-06-21,2024-06-26,5,True
EMP0286,Sales,Unpaid,2025-07-01,2025-07-07,6,True
EMP0287,Sales,Sick,2026-02-06,2026-02-11,5,True
EMP0287,Sales,Unpaid,2025-07-24,2025-07-27,3,True
EMP0287,Sales,Maternity/Paternity,2026-02-19,2026-02-26,7,True
EMP0287,Sales,Maternity/Paternity,2025-07-30,2025-08-05,6,True
EMP0287,Sales,Maternity/Paternity,2025-12-04,2025-12-05,1,True
EMP0287,Sales,Sick,2025-07-06,2025-07-13,7,True
EMP0287,Sales,Sick,2025-12-10,2025-12-16,6,True
EMP0287,Sales,Sick,2025-04-13,2025-04-16,3,False
EMP0287,Sales,Emergency,2025-10-21,2025-10-27,6,True
EMP0287,Sales,Maternity/Paternity,2025-06-15,2025-06-16,1,True
EMP0287,Sales,Annual,2026-02-27,2026-03-03,4,True
EMP0288,HR,Annual,2023-12-05,2023-12-10,5,True
EMP0288,HR,Annual,2023-12-14,2023-12-15,1,True
EMP0288,HR,Sick,2025-09-12,2025-09-13,1,True
EMP0289,Operations,Emergency,2025-03-30,2025-04-01,2,True
EMP0289,Operations,Annual,2024-07-08,2024-07-15,7,True
EMP0290,Engineering,Sick,2025-01-02,2025-01-04,2,True
EMP0290,Engineering,Sick,2025-09-04,2025-09-08,4,True
EMP0290,Engineering,Sick,2025-07-23,2025-07-25,2,True
EMP0290,Engineering,Emergency,2025-04-05,2025-04-11,6,True
EMP0290,Engineering,Emergency,2024-12-12,2024-12-13,1,True
EMP0290,Engineering,Maternity/Paternity,2025-08-08,2025-08-15,7,True
EMP0291,Operations,Maternity/Paternity,2024-11-14,2024-11-16,2,True
EMP0291,Operations,Unpaid,2025-05-01,2025-05-07,6,True
EMP0291,Operations,Maternity/Paternity,2026-01-26,2026-02-01,6,True
EMP0291,Operations,Annual,2025-11-03,2025-11-10,7,True
EMP0292,Marketing,Unpaid,2024-08-28,2024-08-29,1,True
EMP0292,Marketing,Annual,2025-03-17,2025-03-20,3,True
EMP0293,Sales,Sick,2024-01-01,2024-01-06,5,True
EMP0293,Sales,Emergency,2025-05-14,2025-05-17,3,True
EMP0294,Finance,Unpaid,2025-02-18,2025-02-24,6,True
EMP0294,Finance,Annual,2025-07-08,2025-07-11,3,True
EMP0294,Finance,Unpaid,2026-02-11,2026-02-17,6,False
EMP0294,Finance,Annual,2024-12-05,2024-12-12,7,True
EMP0294,Finance,Sick,2025-02-17,2025-02-24,7,True
EMP0294,Finance,Maternity/Paternity,2025-10-22,2025-10-26,4,True
EMP0294,Finance,Maternity/Paternity,2025-01-11,2025-01-16,5,False
EMP0295,Operations,Unpaid,2024-04-25,2024-04-26,1,False
EMP0295,Operations,Maternity/Paternity,2024-06-02,2024-06-09,7,True
EMP0295,Operations,Maternity/Paternity,2025-04-18,2025-04-22,4,True
EMP0295,Operations,Unpaid,2025-01-25,2025-01-30,5,True
EMP0295,Operations,Maternity/Paternity,2025-09-28,2025-09-30,2,True
EMP0296,HR,Maternity/Paternity,2025-10-18,2025-10-23,5,True
EMP0296,HR,Annual,2024-12-06,2024-12-10,4,True
EMP0296,HR,Emergency,2025-06-20,2025-06-25,5,True
EMP0296,HR,Annual,2024-11-25,2024-12-01,6,True
EMP0296,HR,Annual,2024-04-17,2024-04-19,2,True
EMP0296,HR,Annual,2025-08-13,2025-08-15,2,True
EMP0296,HR,Sick,2025-04-07,2025-04-10,3,True
EMP0296,HR,Emergency,2024-09-09,2024-09-16,7,False
EMP0297,Marketing,Sick,2025-05-12,2025-05-14,2,True
EMP0297,Marketing,Sick,2025-03-19,2025-03-20,1,True
EMP0297,Marketing,Maternity/Paternity,2025-01-21,2025-01-27,6,True
EMP0297,Marketing,Emergency,2026-01-02,2026-01-03,1,True
EMP0297,Marketing,Sick,2025-11-08,2025-11-15,7,True
EMP0297,Marketing,Annual,2025-07-14,2025-07-16,2,True
EMP0297,Marketing,Maternity/Paternity,2025-01-14,2025-01-19,5,True
EMP0298,Sales,Sick,2025-02-05,2025-02-11,6,True
EMP0298,Sales,Maternity/Paternity,2025-09-27,2025-09-30,3,True
EMP0298,Sales,Annual,2024-09-22,2024-09-26,4,True
EMP0299,Marketing,Annual,2025-01-21,2025-01-27,6,True
EMP0299,Marketing,Sick,2025-03-20,2025-03-25,5,True
EMP0299,Marketing,Maternity/Paternity,2026-02-21,2026-02-25,4,True
EMP0300,HR,Unpaid,2025-09-11,2025-09-16,5,True
EMP0300,HR,Unpaid,2025-06-27,2025-06-29,2,False
EMP0300,HR,Sick,2025-08-17,2025-08-21,4,True
EMP0300,HR,Annual,2025-06-16,2025-06-21,5,True
EMP0300,HR,Emergency,2025-02-25,2025-03-04,7,True
